host,serial,model,dataset_name,keep_rate,keep_rate_single,reduction_loc,ifa_head,clc,num_clr,ifa_dws_conv_groups,lasso_loss_weight,seed,lr,epochs,input_size,batch_size,num_images_train,num_images_val,test_acc,val_test_loss,train_acc1,train_loss,time_total,max_memory,flops,no_params,throughput
server-3090,40,evit_vit_base_patch16_224.orig_in21k,soygene,[0.7],0.7,"[3, 6, 9]",False,False,0,2,0,1,0.0005,45,224,1,,11143,,,,,9.6384,0.7324,11.6139,86.6522,96.3423
server-3090,40,vit_base_patch16_224.orig_in21k,soygene,[],,[],False,False,0,2,0,1,0.0005,45,224,4,,11143,,,,,2.1698,0.7324,17.5695,86.6522,427.9623
server-3090,40,vit_base_patch16_224.orig_in21k,soygene,[],,[],False,False,0,2,0,1,0.0005,45,224,8,,11143,,,,,1.5883,0.7422,17.5695,86.6522,584.6289
server-3090,40,vit_base_patch16_224.orig_in21k,soygene,[],,[],False,False,0,2,0,1,0.0005,45,224,16,,11143,,,,,1.487,0.7461,17.5695,86.6522,624.4881
server-3090,40,vit_base_patch16_224.orig_in21k,soygene,[],,[],False,False,0,2,0,1,0.0005,45,224,32,,11143,,,,,1.5128,0.7734,17.5695,86.6522,613.8139
server-3090,40,vit_base_patch16_224.orig_in21k,soygene,[],,[],False,False,0,2,0,1,0.0005,45,224,64,,11143,,,,,1.541,0.9902,17.5695,86.6522,602.5707
server-3090,40,vit_base_patch16_224.orig_in21k,soygene,[],,[],False,False,0,2,0,1,0.0005,45,224,128,,11143,,,,,1.5982,1.5137,17.5695,86.6522,581.0337
server-3090,40,vit_base_patch16_224.orig_in21k,soygene,[],,[],False,False,0,2,0,1,0.0005,45,224,2,,11143,,,,,3.6981,0.7324,17.5695,86.6522,251.0961
server-3090,40,vit_base_patch16_224.orig_in21k,soygene,[],,[],False,False,0,2,0,1,0.0005,45,224,256,,11143,,,,,1.768,2.5762,17.5695,86.6522,525.2264
server-3090,40,vit_base_patch16_224.orig_in21k,soygene,[],,[],True,False,0,2,0,1,0.0005,45,224,2,,11143,,,,,3.8339,7.8789,17.5702,88.2845,242.2022
server-3090,40,vit_base_patch16_224.orig_in21k,soygene,[],,[],True,False,0,2,0,1,0.0005,45,224,4,,11143,,,,,2.2279,7.9043,17.5702,88.2845,416.7965
server-3090,40,vit_base_patch16_224.orig_in21k,soygene,[],,[],True,False,0,2,0,1,0.0005,45,224,8,,11143,,,,,1.6364,7.9492,17.5702,88.2845,567.4607
server-3090,40,vit_base_patch16_224.orig_in21k,soygene,[],,[],True,False,0,2,0,1,0.0005,45,224,16,,11143,,,,,1.5003,7.9492,17.5702,88.2845,618.9255
server-3090,40,vit_base_patch16_224.orig_in21k,soygene,[],,[],True,False,0,2,0,1,0.0005,45,224,32,,11143,,,,,1.5277,7.9492,17.5702,88.2845,607.8416
server-3090,40,vit_base_patch16_224.orig_in21k,soygene,[],,[],True,False,0,2,0,1,0.0005,45,224,64,,11143,,,,,1.5518,7.9492,17.5702,88.2845,598.3992
server-3090,40,vit_base_patch16_224.orig_in21k,soygene,[],,[],True,False,0,2,0,1,0.0005,45,224,1,,11143,,,,,8.5421,7.8789,17.5702,88.2845,108.7068
server-3090,40,vit_base_patch16_224.orig_in21k,soygene,[],,[],True,False,0,2,0,1,0.0005,45,224,128,,11143,,,,,1.6051,7.9492,17.5702,88.2845,578.5107
server-3090,40,vit_base_patch16_224.orig_in21k,soygene,[],,[],False,False,0,2,0,1,0.0005,45,224,1,,11143,,,,,6.2442,0.7324,17.5695,86.6522,148.7106
DGX-CN01,40,evit_vit_base_patch16_224.orig_in21k,soygene,[0.25],0.25,"[3, 6, 9]",True,False,0,2,0,1,0.0005,45,224,128,,11143,,,,,2.6068,1.6523,6.5337,88.2845,356.2158
DGX-CN01,40,evit_vit_base_patch16_224.orig_in21k,soygene,[0.25],0.25,"[3, 6, 9]",False,False,0,2,0,1,0.0005,45,224,4,,11143,,,,,2.7574,0.5664,6.5328,86.6522,336.7664
DGX-CN01,40,evit_vit_base_patch16_224.orig_in21k,soygene,[0.25],0.25,"[3, 6, 9]",False,False,0,2,0,1,0.0005,45,224,8,,11143,,,,,2.6138,0.5859,6.5328,86.6522,355.2633
DGX-CN01,40,evit_vit_base_patch16_224.orig_in21k,soygene,[0.25],0.25,"[3, 6, 9]",False,False,0,2,0,1,0.0005,45,224,16,,11143,,,,,2.6208,0.5957,6.5328,86.6522,354.3182
DGX-CN01,40,evit_vit_base_patch16_224.orig_in21k,soygene,[0.25],0.25,"[3, 6, 9]",False,False,0,2,0,1,0.0005,45,224,32,,11143,,,,,2.6409,0.7539,6.5328,86.6522,351.62
DGX-CN01,40,evit_vit_base_patch16_224.orig_in21k,soygene,[0.25],0.25,"[3, 6, 9]",False,False,0,2,0,1,0.0005,45,224,64,,11143,,,,,2.6171,1.0449,6.5328,86.6522,354.8181
DGX-CN01,40,evit_vit_base_patch16_224.orig_in21k,soygene,[0.25],0.25,"[3, 6, 9]",False,False,0,2,0,1,0.0005,45,224,128,,11143,,,,,2.6,1.627,6.5328,86.6522,357.1524
DGX-CN01,40,evit_vit_base_patch16_224.orig_in21k,soygene,[0.25],0.25,"[3, 6, 9]",True,False,0,2,0,1,0.0005,45,224,256,,11143,,,,,2.7499,2.7188,6.5337,88.2845,337.684
DGX-CN01,40,evit_vit_base_patch16_224.orig_in21k,soygene,[0.25],0.25,"[3, 6, 9]",False,False,0,2,0,1,0.0005,45,224,256,,11143,,,,,2.7378,2.8027,6.5328,86.6522,339.1673
DGX-CN01,40,evit_vit_base_patch16_224.orig_in21k,soygene,[0.25],0.25,"[3, 6, 9]",True,False,0,2,0,1,0.0005,45,224,2,,11143,,,,,3.3086,0.7109,6.5337,88.2845,280.6579
DGX-CN01,40,evit_vit_base_patch16_224.orig_in21k,soygene,[0.25],0.25,"[3, 6, 9]",True,False,0,2,0,1,0.0005,45,224,4,,11143,,,,,2.8631,0.7109,6.5337,88.2845,324.3272
DGX-CN01,40,evit_vit_base_patch16_224.orig_in21k,soygene,[0.25],0.25,"[3, 6, 9]",True,False,0,2,0,1,0.0005,45,224,8,,11143,,,,,2.7083,0.7227,6.5337,88.2845,342.8697
DGX-CN01,40,evit_vit_base_patch16_224.orig_in21k,soygene,[0.25],0.25,"[3, 6, 9]",True,False,0,2,0,1,0.0005,45,224,16,,11143,,,,,2.6321,0.7246,6.5337,88.2845,352.7889
DGX-CN01,40,evit_vit_base_patch16_224.orig_in21k,soygene,[0.25],0.25,"[3, 6, 9]",True,False,0,2,0,1,0.0005,45,224,32,,11143,,,,,2.6205,0.8574,6.5337,88.2845,354.3569
DGX-CN01,40,evit_vit_base_patch16_224.orig_in21k,soygene,[0.25],0.25,"[3, 6, 9]",True,False,0,2,0,1,0.0005,45,224,64,,11143,,,,,2.6398,1.1426,6.5337,88.2845,351.7578
DGX-CN01,40,evit_vit_base_patch16_224.orig_in21k,soygene,[0.25],0.25,"[3, 6, 9]",True,False,0,2,0,1,0.0005,45,224,1,,11143,,,,,5.3199,0.6914,6.5337,88.2845,174.5493
DGX-CN01,40,evit_vit_base_patch16_224.orig_in21k,soygene,[0.25],0.25,"[3, 6, 9]",False,False,0,2,0,1,0.0005,45,224,2,,11143,,,,,3.1508,0.5664,6.5328,86.6522,294.7166
server-3090,40,vit_base_patch16_224.orig_in21k,soygene,[],,[],True,False,0,2,0,1,0.0005,45,224,256,,11143,,,,,1.7794,7.1543,17.5702,88.2845,521.8588
server-3090,40,evit_vit_base_patch16_224.orig_in21k,soygene,[0.7],0.7,"[3, 6, 9]",False,False,0,2,0,1,0.0005,45,224,2,,11143,,,,,4.1894,0.7324,11.6139,86.6522,221.648
server-3090,40,evit_vit_base_patch16_224.orig_in21k,soygene,[0.7],0.7,"[3, 6, 9]",True,True,1,2,0,1,0.0005,45,224,4,,11143,,,,,2.5782,7.9023,12.1797,88.286,360.1698
server-3090,40,evit_vit_base_patch16_224.orig_in21k,soygene,[0.7],0.7,"[3, 6, 9]",True,True,1,2,0,1,0.0005,45,224,8,,11143,,,,,1.7282,7.9297,12.1797,88.286,537.3125
server-3090,40,evit_vit_base_patch16_224.orig_in21k,soygene,[0.7],0.7,"[3, 6, 9]",True,True,1,2,0,1,0.0005,45,224,16,,11143,,,,,1.4534,7.9297,12.1797,88.286,638.9041
server-3090,40,evit_vit_base_patch16_224.orig_in21k,soygene,[0.7],0.7,"[3, 6, 9]",True,True,1,2,0,1,0.0005,45,224,32,,11143,,,,,1.4627,7.9297,12.1797,88.286,634.8495
server-3090,40,evit_vit_base_patch16_224.orig_in21k,soygene,[0.7],0.7,"[3, 6, 9]",True,True,1,2,0,1,0.0005,45,224,64,,11143,,,,,1.4736,7.9297,12.1797,88.286,630.1605
server-3090,40,evit_vit_base_patch16_224.orig_in21k,soygene,[0.7],0.7,"[3, 6, 9]",True,True,1,2,0,1,0.0005,45,224,128,,11143,,,,,1.5072,7.9297,12.1797,88.286,616.09
server-3090,40,evit_vit_base_patch16_224.orig_in21k,soygene,[0.7],0.7,"[3, 6, 9]",True,True,1,2,0,1,0.0005,45,224,2,,11143,,,,,4.7017,7.877,12.1797,88.286,197.4975
server-3090,40,evit_vit_base_patch16_224.orig_in21k,soygene,[0.7],0.7,"[3, 6, 9]",True,True,1,2,0,1,0.0005,45,224,256,,11143,,,,,1.6153,7.2363,12.1797,88.286,574.8805
server-3090,40,evit_vit_base_patch16_224.orig_in21k,soygene,[0.5],0.5,"[3, 6, 9]",False,False,0,2,0,1,0.0005,45,224,2,,11143,,,,,4.1495,0.7324,8.8227,86.6522,223.7795
server-3090,40,evit_vit_base_patch16_224.orig_in21k,soygene,[0.5],0.5,"[3, 6, 9]",False,False,0,2,0,1,0.0005,45,224,4,,11143,,,,,2.3499,0.7324,8.8227,86.6522,395.1606
server-3090,40,evit_vit_base_patch16_224.orig_in21k,soygene,[0.5],0.5,"[3, 6, 9]",False,False,0,2,0,1,0.0005,45,224,8,,11143,,,,,1.6243,0.7324,8.8227,86.6522,571.6984
server-3090,40,evit_vit_base_patch16_224.orig_in21k,soygene,[0.5],0.5,"[3, 6, 9]",False,False,0,2,0,1,0.0005,45,224,16,,11143,,,,,1.4226,0.7422,8.8227,86.6522,652.7416
server-3090,40,evit_vit_base_patch16_224.orig_in21k,soygene,[0.5],0.5,"[3, 6, 9]",False,False,0,2,0,1,0.0005,45,224,32,,11143,,,,,1.4319,0.7441,8.8227,86.6522,648.5029
server-3090,40,evit_vit_base_patch16_224.orig_in21k,soygene,[0.5],0.5,"[3, 6, 9]",False,False,0,2,0,1,0.0005,45,224,64,,11143,,,,,1.4457,1.0332,8.8227,86.6522,642.2993
server-3090,40,evit_vit_base_patch16_224.orig_in21k,soygene,[0.5],0.5,"[3, 6, 9]",False,False,0,2,0,1,0.0005,45,224,1,,11143,,,,,8.8291,0.7324,8.8227,86.6522,105.1736
DGX-CN01,40,vit_base_patch16_224.orig_in21k,soygene,[],,[],False,False,0,2,0,1,0.0005,45,224,2,,11143,,,,,3.0313,0.5664,17.5695,86.6522,306.3279
server-3090,40,evit_vit_base_patch16_224.orig_in21k,soygene,[0.7],0.7,"[3, 6, 9]",True,True,1,2,0,1,0.0005,45,224,1,,11143,,,,,8.8244,7.877,12.1797,88.286,105.2287
server-3090,40,evit_vit_base_patch16_224.orig_in21k,soygene,[0.7],0.7,"[3, 6, 9]",True,False,0,2,0,1,0.0005,45,224,128,,11143,,,,,1.5047,7.9355,11.6147,88.2845,617.1097
server-3090,40,evit_vit_base_patch16_224.orig_in21k,soygene,[0.7],0.7,"[3, 6, 9]",False,False,0,2,0,1,0.0005,45,224,4,,11143,,,,,2.3401,0.7324,11.6139,86.6522,396.8199
server-3090,40,evit_vit_base_patch16_224.orig_in21k,soygene,[0.7],0.7,"[3, 6, 9]",False,False,0,2,0,1,0.0005,45,224,8,,11143,,,,,1.6478,0.7324,11.6139,86.6522,563.5252
server-3090,40,evit_vit_base_patch16_224.orig_in21k,soygene,[0.7],0.7,"[3, 6, 9]",False,False,0,2,0,1,0.0005,45,224,16,,11143,,,,,1.4528,0.7422,11.6139,86.6522,639.1478
server-3090,40,evit_vit_base_patch16_224.orig_in21k,soygene,[0.7],0.7,"[3, 6, 9]",False,False,0,2,0,1,0.0005,45,224,32,,11143,,,,,1.4647,0.7441,11.6139,86.6522,633.9813
server-3090,40,evit_vit_base_patch16_224.orig_in21k,soygene,[0.7],0.7,"[3, 6, 9]",False,False,0,2,0,1,0.0005,45,224,64,,11143,,,,,1.4732,1.0312,11.6139,86.6522,630.33
server-3090,40,evit_vit_base_patch16_224.orig_in21k,soygene,[0.7],0.7,"[3, 6, 9]",False,False,0,2,0,1,0.0005,45,224,128,,11143,,,,,1.5066,1.6133,11.6139,86.6522,616.3615
server-3090,40,evit_vit_base_patch16_224.orig_in21k,soygene,[0.7],0.7,"[3, 6, 9]",True,False,0,2,0,1,0.0005,45,224,256,,11143,,,,,1.6086,7.0,11.6147,88.2845,577.269
server-3090,40,evit_vit_base_patch16_224.orig_in21k,soygene,[0.7],0.7,"[3, 6, 9]",False,False,0,2,0,1,0.0005,45,224,256,,11143,,,,,1.6077,2.8027,11.6139,86.6522,577.5987
server-3090,40,evit_vit_base_patch16_224.orig_in21k,soygene,[0.7],0.7,"[3, 6, 9]",True,False,0,2,0,1,0.0005,45,224,2,,11143,,,,,4.289,7.877,11.6147,88.2845,216.5058
server-3090,40,evit_vit_base_patch16_224.orig_in21k,soygene,[0.7],0.7,"[3, 6, 9]",True,False,0,2,0,1,0.0005,45,224,4,,11143,,,,,2.3905,7.9023,11.6147,88.2845,388.4393
server-3090,40,evit_vit_base_patch16_224.orig_in21k,soygene,[0.7],0.7,"[3, 6, 9]",True,False,0,2,0,1,0.0005,45,224,8,,11143,,,,,1.6657,7.9355,11.6147,88.2845,557.482
server-3090,40,evit_vit_base_patch16_224.orig_in21k,soygene,[0.7],0.7,"[3, 6, 9]",True,False,0,2,0,1,0.0005,45,224,16,,11143,,,,,1.4533,7.9355,11.6147,88.2845,638.9284
server-3090,40,evit_vit_base_patch16_224.orig_in21k,soygene,[0.7],0.7,"[3, 6, 9]",True,False,0,2,0,1,0.0005,45,224,32,,11143,,,,,1.4598,7.9355,11.6147,88.2845,636.1092
server-3090,40,evit_vit_base_patch16_224.orig_in21k,soygene,[0.7],0.7,"[3, 6, 9]",True,False,0,2,0,1,0.0005,45,224,64,,11143,,,,,1.4808,7.9355,11.6147,88.2845,627.0658
server-3090,40,evit_vit_base_patch16_224.orig_in21k,soygene,[0.7],0.7,"[3, 6, 9]",True,False,0,2,0,1,0.0005,45,224,1,,11143,,,,,9.3228,7.877,11.6147,88.2845,99.604
server-3090,40,evit_vit_base_patch16_224.orig_in21k,soygene,[0.5],0.5,"[3, 6, 9]",False,False,0,2,0,1,0.0005,45,224,128,,11143,,,,,1.4974,1.6152,8.8227,86.6522,620.1493
DGX-CN01,40,evit_vit_base_patch16_224.orig_in21k,soygene,[0.25],0.25,"[3, 6, 9]",False,False,0,2,0,1,0.0005,45,224,1,,11143,,,,,4.9833,0.5664,6.5328,86.6522,186.3388
DGX-CN01,40,evit_vit_base_patch16_224.orig_in21k,soygene,[0.5],0.5,"[3, 6, 9]",True,True,1,2,0,1,0.0005,45,224,128,,11143,,,,,2.5237,1.7012,9.3211,88.286,367.9442
DGX-CN01,40,evit_vit_base_patch16_224.orig_in21k,soygene,[0.7],0.7,"[3, 6, 9]",False,False,0,2,0,1,0.0005,45,224,4,,11143,,,,,2.8056,0.5879,11.6139,86.6522,330.9696
DGX-CN01,40,evit_vit_base_patch16_224.orig_in21k,soygene,[0.7],0.7,"[3, 6, 9]",False,False,0,2,0,1,0.0005,45,224,8,,11143,,,,,2.6464,0.584,11.6139,86.6522,350.8884
DGX-CN01,40,evit_vit_base_patch16_224.orig_in21k,soygene,[0.7],0.7,"[3, 6, 9]",False,False,0,2,0,1,0.0005,45,224,16,,11143,,,,,2.5924,0.6211,11.6139,86.6522,358.1883
DGX-CN01,40,evit_vit_base_patch16_224.orig_in21k,soygene,[0.7],0.7,"[3, 6, 9]",False,False,0,2,0,1,0.0005,45,224,32,,11143,,,,,2.5598,0.7715,11.6139,86.6522,362.7549
DGX-CN01,40,evit_vit_base_patch16_224.orig_in21k,soygene,[0.7],0.7,"[3, 6, 9]",False,False,0,2,0,1,0.0005,45,224,64,,11143,,,,,2.5876,1.0625,11.6139,86.6522,358.8652
DGX-CN01,40,evit_vit_base_patch16_224.orig_in21k,soygene,[0.7],0.7,"[3, 6, 9]",False,False,0,2,0,1,0.0005,45,224,128,,11143,,,,,2.5618,1.6445,11.6139,86.6522,362.4663
DGX-CN01,40,evit_vit_base_patch16_224.orig_in21k,soygene,[0.7],0.7,"[3, 6, 9]",False,False,0,2,0,1,0.0005,45,224,2,,11143,,,,,3.2145,0.5684,11.6139,86.6522,288.8751
DGX-CN01,40,evit_vit_base_patch16_224.orig_in21k,soygene,[0.7],0.7,"[3, 6, 9]",False,False,0,2,0,1,0.0005,45,224,256,,11143,,,,,2.6498,2.8027,11.6139,86.6522,350.4371
DGX-CN01,40,evit_vit_base_patch16_224.orig_in21k,soygene,[0.7],0.7,"[3, 6, 9]",True,False,0,2,0,1,0.0005,45,224,2,,11143,,,,,3.2386,0.7148,11.6147,88.2845,286.7257
DGX-CN01,40,evit_vit_base_patch16_224.orig_in21k,soygene,[0.7],0.7,"[3, 6, 9]",True,False,0,2,0,1,0.0005,45,224,4,,11143,,,,,2.7749,0.7129,11.6147,88.2845,334.642
DGX-CN01,40,evit_vit_base_patch16_224.orig_in21k,soygene,[0.7],0.7,"[3, 6, 9]",True,False,0,2,0,1,0.0005,45,224,8,,11143,,,,,2.6179,0.7285,11.6147,88.2845,354.7082
DGX-CN01,40,evit_vit_base_patch16_224.orig_in21k,soygene,[0.7],0.7,"[3, 6, 9]",True,False,0,2,0,1,0.0005,45,224,16,,11143,,,,,2.5508,0.7656,11.6147,88.2845,364.0308
DGX-CN01,40,evit_vit_base_patch16_224.orig_in21k,soygene,[0.7],0.7,"[3, 6, 9]",True,False,0,2,0,1,0.0005,45,224,32,,11143,,,,,2.5269,0.8535,11.6147,88.2845,367.4853
DGX-CN01,40,evit_vit_base_patch16_224.orig_in21k,soygene,[0.7],0.7,"[3, 6, 9]",True,False,0,2,0,1,0.0005,45,224,64,,11143,,,,,2.529,1.1484,11.6147,88.2845,367.171
DGX-CN01,40,evit_vit_base_patch16_224.orig_in21k,soygene,[0.7],0.7,"[3, 6, 9]",True,False,0,2,0,1,0.0005,45,224,1,,11143,,,,,5.1662,0.6934,11.6147,88.2845,179.7412
DGX-CN01,40,evit_vit_base_patch16_224.orig_in21k,soygene,[0.7],0.7,"[3, 6, 9]",True,False,0,2,0,1,0.0005,45,224,128,,11143,,,,,2.5205,1.6699,11.6147,88.2845,368.4068
DGX-CN01,40,evit_vit_base_patch16_224.orig_in21k,soygene,[0.7],0.7,"[3, 6, 9]",False,False,0,2,0,1,0.0005,45,224,1,,11143,,,,,5.0767,0.5664,11.6139,86.6522,182.9121
DGX-CN01,40,vit_base_patch16_224.orig_in21k,soygene,[],,[],True,False,0,2,0,1,0.0005,45,224,128,,11143,,,,,2.5536,1.7578,17.5702,88.2845,363.6307
DGX-CN01,40,vit_base_patch16_224.orig_in21k,soygene,[],,[],False,False,0,2,0,1,0.0005,45,224,4,,11143,,,,,2.7804,0.584,17.5695,86.6522,333.971
DGX-CN01,40,vit_base_patch16_224.orig_in21k,soygene,[],,[],False,False,0,2,0,1,0.0005,45,224,8,,11143,,,,,2.6434,0.6328,17.5695,86.6522,351.2845
DGX-CN01,40,vit_base_patch16_224.orig_in21k,soygene,[],,[],False,False,0,2,0,1,0.0005,45,224,16,,11143,,,,,2.5869,0.6855,17.5695,86.6522,358.9574
DGX-CN01,40,vit_base_patch16_224.orig_in21k,soygene,[],,[],False,False,0,2,0,1,0.0005,45,224,32,,11143,,,,,2.5987,0.8047,17.5695,86.6522,357.3256
DGX-CN01,40,vit_base_patch16_224.orig_in21k,soygene,[],,[],False,False,0,2,0,1,0.0005,45,224,64,,11143,,,,,2.6356,1.0215,17.5695,86.6522,352.3181
DGX-CN01,40,vit_base_patch16_224.orig_in21k,soygene,[],,[],False,False,0,2,0,1,0.0005,45,224,128,,11143,,,,,2.5957,1.5508,17.5695,86.6522,357.741
DGX-CN01,40,vit_base_patch16_224.orig_in21k,soygene,[],,[],True,False,0,2,0,1,0.0005,45,224,256,,11143,,,,,2.7044,3.0566,17.5702,88.2845,343.3618
DGX-CN01,40,vit_base_patch16_224.orig_in21k,soygene,[],,[],False,False,0,2,0,1,0.0005,45,224,256,,11143,,,,,2.6916,2.5762,17.5695,86.6522,344.9972
DGX-CN01,40,vit_base_patch16_224.orig_in21k,soygene,[],,[],True,False,0,2,0,1,0.0005,45,224,2,,11143,,,,,3.0494,0.709,17.5702,88.2845,304.5179
DGX-CN01,40,vit_base_patch16_224.orig_in21k,soygene,[],,[],True,False,0,2,0,1,0.0005,45,224,4,,11143,,,,,2.7635,0.709,17.5702,88.2845,336.0135
DGX-CN01,40,vit_base_patch16_224.orig_in21k,soygene,[],,[],True,False,0,2,0,1,0.0005,45,224,8,,11143,,,,,2.6112,0.7773,17.5702,88.2845,355.6143
DGX-CN01,40,vit_base_patch16_224.orig_in21k,soygene,[],,[],True,False,0,2,0,1,0.0005,45,224,16,,11143,,,,,2.5611,0.8359,17.5702,88.2845,362.5729
DGX-CN01,40,vit_base_patch16_224.orig_in21k,soygene,[],,[],True,False,0,2,0,1,0.0005,45,224,32,,11143,,,,,2.5434,0.9492,17.5702,88.2845,365.102
DGX-CN01,40,vit_base_patch16_224.orig_in21k,soygene,[],,[],True,False,0,2,0,1,0.0005,45,224,64,,11143,,,,,2.5653,1.291,17.5702,88.2845,361.9848
DGX-CN01,40,vit_base_patch16_224.orig_in21k,soygene,[],,[],True,False,0,2,0,1,0.0005,45,224,1,,11143,,,,,4.5521,0.6934,17.5702,88.2845,203.9884
DGX-CN01,40,evit_vit_base_patch16_224.orig_in21k,soygene,[0.5],0.5,"[3, 6, 9]",True,True,1,2,0,1,0.0005,45,224,256,,11143,,,,,2.6602,2.918,9.3211,88.286,349.0641
DGX-CN01,40,evit_vit_base_patch16_224.orig_in21k,soygene,[0.7],0.7,"[3, 6, 9]",True,False,0,2,0,1,0.0005,45,224,256,,11143,,,,,2.6465,2.7852,11.6147,88.2845,350.8744
DGX-CN01,40,evit_vit_base_patch16_224.orig_in21k,soygene,[0.7],0.7,"[3, 6, 9]",True,True,1,2,0,1,0.0005,45,224,2,,11143,,,,,3.4633,0.7129,12.1797,88.286,268.1229
DGX-CN01,40,evit_vit_base_patch16_224.orig_in21k,soygene,[0.5],0.5,"[3, 6, 9]",True,False,0,2,0,1,0.0005,45,224,4,,11143,,,,,2.7823,0.7148,8.8235,88.2845,333.7457
DGX-CN01,40,evit_vit_base_patch16_224.orig_in21k,soygene,[0.5],0.5,"[3, 6, 9]",True,False,0,2,0,1,0.0005,45,224,8,,11143,,,,,2.6264,0.7246,8.8235,88.2845,353.5636
DGX-CN01,40,evit_vit_base_patch16_224.orig_in21k,soygene,[0.5],0.5,"[3, 6, 9]",True,False,0,2,0,1,0.0005,45,224,16,,11143,,,,,2.5604,0.7207,8.8235,88.2845,362.6683
DGX-CN01,40,evit_vit_base_patch16_224.orig_in21k,soygene,[0.5],0.5,"[3, 6, 9]",True,False,0,2,0,1,0.0005,45,224,32,,11143,,,,,2.5341,0.8535,8.8235,88.2845,366.4324
DGX-CN01,40,evit_vit_base_patch16_224.orig_in21k,soygene,[0.5],0.5,"[3, 6, 9]",True,False,0,2,0,1,0.0005,45,224,64,,11143,,,,,2.5464,1.1406,8.8235,88.2845,364.6635
DGX-CN01,40,evit_vit_base_patch16_224.orig_in21k,soygene,[0.5],0.5,"[3, 6, 9]",True,False,0,2,0,1,0.0005,45,224,128,,11143,,,,,2.5485,1.6523,8.8235,88.2845,364.3691
DGX-CN01,40,evit_vit_base_patch16_224.orig_in21k,soygene,[0.5],0.5,"[3, 6, 9]",True,False,0,2,0,1,0.0005,45,224,2,,11143,,,,,3.2351,0.7129,8.8235,88.2845,287.0341
DGX-CN01,40,evit_vit_base_patch16_224.orig_in21k,soygene,[0.5],0.5,"[3, 6, 9]",True,False,0,2,0,1,0.0005,45,224,256,,11143,,,,,2.6408,2.8945,8.8235,88.2845,351.6269
DGX-CN01,40,evit_vit_base_patch16_224.orig_in21k,soygene,[0.5],0.5,"[3, 6, 9]",True,True,1,2,0,1,0.0005,45,224,2,,11143,,,,,3.4375,0.7129,9.3211,88.286,270.1305
DGX-CN01,40,evit_vit_base_patch16_224.orig_in21k,soygene,[0.5],0.5,"[3, 6, 9]",True,True,1,2,0,1,0.0005,45,224,4,,11143,,,,,2.7856,0.7148,9.3211,88.286,333.3477
DGX-CN01,40,evit_vit_base_patch16_224.orig_in21k,soygene,[0.5],0.5,"[3, 6, 9]",True,True,1,2,0,1,0.0005,45,224,8,,11143,,,,,2.6216,0.7285,9.3211,88.286,354.1987
DGX-CN01,40,evit_vit_base_patch16_224.orig_in21k,soygene,[0.5],0.5,"[3, 6, 9]",True,True,1,2,0,1,0.0005,45,224,16,,11143,,,,,2.5534,0.7344,9.3211,88.286,363.6696
DGX-CN01,40,evit_vit_base_patch16_224.orig_in21k,soygene,[0.5],0.5,"[3, 6, 9]",True,True,1,2,0,1,0.0005,45,224,32,,11143,,,,,2.5214,0.8555,9.3211,88.286,368.2742
DGX-CN01,40,evit_vit_base_patch16_224.orig_in21k,soygene,[0.5],0.5,"[3, 6, 9]",True,True,1,2,0,1,0.0005,45,224,64,,11143,,,,,2.5282,1.0762,9.3211,88.286,367.295
DGX-CN01,40,evit_vit_base_patch16_224.orig_in21k,soygene,[0.5],0.5,"[3, 6, 9]",True,True,1,2,0,1,0.0005,45,224,1,,11143,,,,,5.6758,0.6914,9.3211,88.286,163.6052
DGX-CN01,40,evit_vit_base_patch16_224.orig_in21k,soygene,[0.7],0.7,"[3, 6, 9]",True,True,1,2,0,1,0.0005,45,224,1,,11143,,,,,5.6729,0.6934,12.1797,88.286,163.688
DGX-CN01,40,evit_vit_base_patch16_224.orig_in21k,soygene,[0.5],0.5,"[3, 6, 9]",True,False,0,2,0,1,0.0005,45,224,1,,11143,,,,,5.1713,0.6914,8.8235,88.2845,179.5653
DGX-CN01,40,evit_vit_base_patch16_224.orig_in21k,soygene,[0.5],0.5,"[3, 6, 9]",False,False,0,2,0,1,0.0005,45,224,128,,11143,,,,,2.5392,1.627,8.8227,86.6522,365.6986
DGX-CN01,40,evit_vit_base_patch16_224.orig_in21k,soygene,[0.7],0.7,"[3, 6, 9]",True,True,1,2,0,1,0.0005,45,224,4,,11143,,,,,2.8075,0.7129,12.1797,88.286,330.7523
DGX-CN01,40,evit_vit_base_patch16_224.orig_in21k,soygene,[0.7],0.7,"[3, 6, 9]",True,True,1,2,0,1,0.0005,45,224,8,,11143,,,,,2.6366,0.7246,12.1797,88.286,352.1911
DGX-CN01,40,evit_vit_base_patch16_224.orig_in21k,soygene,[0.7],0.7,"[3, 6, 9]",True,True,1,2,0,1,0.0005,45,224,16,,11143,,,,,2.5587,0.7773,12.1797,88.286,362.909
DGX-CN01,40,evit_vit_base_patch16_224.orig_in21k,soygene,[0.7],0.7,"[3, 6, 9]",True,True,1,2,0,1,0.0005,45,224,32,,11143,,,,,2.538,0.8555,12.1797,88.286,365.8777
DGX-CN01,40,evit_vit_base_patch16_224.orig_in21k,soygene,[0.7],0.7,"[3, 6, 9]",True,True,1,2,0,1,0.0005,45,224,64,,11143,,,,,2.5525,1.1289,12.1797,88.286,363.8001
DGX-CN01,40,evit_vit_base_patch16_224.orig_in21k,soygene,[0.7],0.7,"[3, 6, 9]",True,True,1,2,0,1,0.0005,45,224,128,,11143,,,,,2.5353,1.7188,12.1797,88.286,366.2584
DGX-CN01,40,evit_vit_base_patch16_224.orig_in21k,soygene,[0.5],0.5,"[3, 6, 9]",False,False,0,2,0,1,0.0005,45,224,256,,11143,,,,,2.6606,2.8027,8.8227,86.6522,349.0167
DGX-CN01,40,evit_vit_base_patch16_224.orig_in21k,soygene,[0.7],0.7,"[3, 6, 9]",True,True,1,2,0,1,0.0005,45,224,256,,11143,,,,,2.6564,2.9941,12.1797,88.286,349.5708
DGX-CN01,40,evit_vit_base_patch16_224.orig_in21k,soygene,[0.5],0.5,"[3, 6, 9]",False,False,0,2,0,1,0.0005,45,224,2,,11143,,,,,3.1808,0.5664,8.8227,86.6522,291.9369
DGX-CN01,40,evit_vit_base_patch16_224.orig_in21k,soygene,[0.5],0.5,"[3, 6, 9]",False,False,0,2,0,1,0.0005,45,224,4,,11143,,,,,2.7745,0.5684,8.8227,86.6522,334.6827
DGX-CN01,40,evit_vit_base_patch16_224.orig_in21k,soygene,[0.5],0.5,"[3, 6, 9]",False,False,0,2,0,1,0.0005,45,224,8,,11143,,,,,2.6188,0.5879,8.8227,86.6522,354.5844
DGX-CN01,40,evit_vit_base_patch16_224.orig_in21k,soygene,[0.5],0.5,"[3, 6, 9]",False,False,0,2,0,1,0.0005,45,224,16,,11143,,,,,2.55,0.6152,8.8227,86.6522,364.1549
DGX-CN01,40,evit_vit_base_patch16_224.orig_in21k,soygene,[0.5],0.5,"[3, 6, 9]",False,False,0,2,0,1,0.0005,45,224,32,,11143,,,,,2.5318,0.7734,8.8227,86.6522,366.7666
DGX-CN01,40,evit_vit_base_patch16_224.orig_in21k,soygene,[0.5],0.5,"[3, 6, 9]",False,False,0,2,0,1,0.0005,45,224,64,,11143,,,,,2.545,1.0645,8.8227,86.6522,364.8632
DGX-CN01,40,evit_vit_base_patch16_224.orig_in21k,soygene,[0.5],0.5,"[3, 6, 9]",False,False,0,2,0,1,0.0005,45,224,1,,11143,,,,,5.027,0.5664,8.8227,86.6522,184.7186
server-3090,40,evit_vit_base_patch16_224.orig_in21k,soygene,[0.5],0.5,"[3, 6, 9]",False,False,0,2,0,1,0.0005,45,224,256,,11143,,,,,1.5475,2.8027,8.8227,86.6522,600.0421
DGX-CN01,40,vit_base_patch16_224.orig_in21k,soygene,[],,[],False,False,0,2,0,1,0.0005,45,224,1,,11143,,,,,4.3457,0.5664,17.5695,86.6522,213.6803
server-3090,40,evit_vit_base_patch16_224.orig_in21k,soygene,[0.25],0.25,"[3, 6, 9]",True,True,1,2,0,1,0.0005,45,224,1,,11143,,,,,8.6772,7.877,6.9641,88.286,107.0145
server-3090,40,evit_vit_base_patch16_224.orig_in21k,soygene,[0.25],0.25,"[3, 6, 9]",True,False,0,2,0,1,0.0005,45,224,2,,11143,,,,,4.3286,7.877,6.5337,88.2845,214.5251
server-3090,40,evit_vit_base_patch16_224.orig_in21k,soygene,[0.25],0.25,"[3, 6, 9]",True,False,0,2,0,1,0.0005,45,224,1,,11143,,,,,8.5552,7.877,6.5337,88.2845,108.5401
server-3090,40,evit_vit_base_patch16_224.orig_in21k,soygene,[0.1],0.1,"[3, 6, 9]",True,False,0,2,0,1,0.0005,45,224,1,,11143,,,,,7.576,7.877,5.6379,88.2845,122.5691
server-3090,40,evit_vit_base_patch16_224.orig_in21k,soygene,[0.25],0.25,"[3, 6, 9]",False,False,0,2,0,1,0.0005,45,224,256,,11143,,,,,1.5374,2.8027,6.5328,86.6522,603.9951
server-3090,40,evit_vit_base_patch16_224.orig_in21k,soygene,[0.25],0.25,"[3, 6, 9]",False,False,0,2,0,1,0.0005,45,224,128,,11143,,,,,1.473,1.5957,6.5328,86.6522,630.4205
server-3090,40,evit_vit_base_patch16_224.orig_in21k,soygene,[0.25],0.25,"[3, 6, 9]",False,False,0,2,0,1,0.0005,45,224,64,,11143,,,,,1.4197,1.0137,6.5328,86.6522,654.0546
server-3090,40,evit_vit_base_patch16_224.orig_in21k,soygene,[0.25],0.25,"[3, 6, 9]",False,False,0,2,0,1,0.0005,45,224,32,,11143,,,,,1.4268,0.7246,6.5328,86.6522,650.8103
server-3090,40,evit_vit_base_patch16_224.orig_in21k,soygene,[0.25],0.25,"[3, 6, 9]",False,False,0,2,0,1,0.0005,45,224,16,,11143,,,,,1.4113,0.7422,6.5328,86.6522,657.9773
server-3090,40,evit_vit_base_patch16_224.orig_in21k,soygene,[0.25],0.25,"[3, 6, 9]",False,False,0,2,0,1,0.0005,45,224,8,,11143,,,,,1.6212,0.7324,6.5328,86.6522,572.7653
server-3090,40,evit_vit_base_patch16_224.orig_in21k,soygene,[0.25],0.25,"[3, 6, 9]",False,False,0,2,0,1,0.0005,45,224,2,,11143,,,,,4.2237,0.7324,6.5328,86.6522,219.8487
server-3090,40,evit_vit_base_patch16_224.orig_in21k,soygene,[0.1],0.1,"[3, 6, 9]",True,False,0,2,0,1,0.0005,45,224,2,,11143,,,,,4.283,7.877,5.6379,88.2845,216.8051
server-3090,40,evit_vit_base_patch16_224.orig_in21k,soygene,[0.1],0.1,"[3, 6, 9]",True,False,0,2,0,1,0.0005,45,224,4,,11143,,,,,2.3823,7.9023,5.6379,88.2845,389.7885
server-3090,40,evit_vit_base_patch16_224.orig_in21k,soygene,[0.1],0.1,"[3, 6, 9]",True,False,0,2,0,1,0.0005,45,224,8,,11143,,,,,1.6292,7.916,5.6379,88.2845,569.9711
server-3090,40,evit_vit_base_patch16_224.orig_in21k,soygene,[0.1],0.1,"[3, 6, 9]",True,False,0,2,0,1,0.0005,45,224,16,,11143,,,,,1.4031,7.916,5.6379,88.2845,661.8175
server-3090,40,evit_vit_base_patch16_224.orig_in21k,soygene,[0.1],0.1,"[3, 6, 9]",True,False,0,2,0,1,0.0005,45,224,32,,11143,,,,,1.4107,7.916,5.6379,88.2845,658.2286
server-3090,40,evit_vit_base_patch16_224.orig_in21k,soygene,[0.1],0.1,"[3, 6, 9]",True,False,0,2,0,1,0.0005,45,224,64,,11143,,,,,1.4126,7.916,5.6379,88.2845,657.3401
server-3090,40,evit_vit_base_patch16_224.orig_in21k,soygene,[0.1],0.1,"[3, 6, 9]",True,False,0,2,0,1,0.0005,45,224,128,,11143,,,,,1.4486,7.916,5.6379,88.2845,640.9994
server-3090,40,evit_vit_base_patch16_224.orig_in21k,soygene,[0.1],0.1,"[3, 6, 9]",True,False,0,2,0,1,0.0005,45,224,256,,11143,,,,,1.5206,7.0,5.6379,88.2845,610.6503
server-3090,40,evit_vit_base_patch16_224.orig_in21k,soygene,[0.25],0.25,"[3, 6, 9]",False,False,0,2,0,1,0.0005,45,224,1,,11143,,,,,7.5724,0.7324,6.5328,86.6522,122.6275
server-3090,40,evit_vit_base_patch16_224.orig_in21k,soygene,[0.5],0.5,"[3, 6, 9]",True,True,1,2,0,1,0.0005,45,224,256,,11143,,,,,1.5683,7.2363,9.3211,88.286,592.0782
server-3090,40,evit_vit_base_patch16_224.orig_in21k,soygene,[0.5],0.5,"[3, 6, 9]",True,True,1,2,0,1,0.0005,45,224,128,,11143,,,,,1.4854,7.9102,9.3211,88.286,625.1245
server-3090,40,evit_vit_base_patch16_224.orig_in21k,soygene,[0.25],0.25,"[3, 6, 9]",True,False,0,2,0,1,0.0005,45,224,4,,11143,,,,,2.3992,7.9023,6.5337,88.2845,387.0392
server-3090,40,evit_vit_base_patch16_224.orig_in21k,soygene,[0.5],0.5,"[3, 6, 9]",True,True,1,2,0,1,0.0005,45,224,64,,11143,,,,,1.4538,7.9102,9.3211,88.286,638.7096
server-3090,40,evit_vit_base_patch16_224.orig_in21k,soygene,[0.25],0.25,"[3, 6, 9]",True,False,0,2,0,1,0.0005,45,224,8,,11143,,,,,1.6303,7.916,6.5337,88.2845,569.587
server-3090,40,evit_vit_base_patch16_224.orig_in21k,soygene,[0.25],0.25,"[3, 6, 9]",True,False,0,2,0,1,0.0005,45,224,32,,11143,,,,,1.3968,7.916,6.5337,88.2845,664.8134
server-3090,40,evit_vit_base_patch16_224.orig_in21k,soygene,[0.25],0.25,"[3, 6, 9]",True,True,1,2,0,1,0.0005,45,224,256,,11143,,,,,1.5304,7.2363,6.9641,88.286,606.7703
server-3090,40,evit_vit_base_patch16_224.orig_in21k,soygene,[0.25],0.25,"[3, 6, 9]",True,True,1,2,0,1,0.0005,45,224,128,,11143,,,,,1.4464,7.9102,6.9641,88.286,641.9813
server-3090,40,evit_vit_base_patch16_224.orig_in21k,soygene,[0.25],0.25,"[3, 6, 9]",True,True,1,2,0,1,0.0005,45,224,64,,11143,,,,,1.4215,7.9102,6.9641,88.286,653.2476
server-3090,40,evit_vit_base_patch16_224.orig_in21k,soygene,[0.25],0.25,"[3, 6, 9]",True,True,1,2,0,1,0.0005,45,224,32,,11143,,,,,1.4102,7.9102,6.9641,88.286,658.4655
server-3090,40,evit_vit_base_patch16_224.orig_in21k,soygene,[0.25],0.25,"[3, 6, 9]",True,True,1,2,0,1,0.0005,45,224,16,,11143,,,,,1.4105,7.9102,6.9641,88.286,658.3307
server-3090,40,evit_vit_base_patch16_224.orig_in21k,soygene,[0.25],0.25,"[3, 6, 9]",True,True,1,2,0,1,0.0005,45,224,8,,11143,,,,,1.7031,7.9102,6.9641,88.286,545.2441
server-3090,40,evit_vit_base_patch16_224.orig_in21k,soygene,[0.25],0.25,"[3, 6, 9]",True,True,1,2,0,1,0.0005,45,224,4,,11143,,,,,2.6188,7.9023,6.9641,88.286,354.577
server-3090,40,evit_vit_base_patch16_224.orig_in21k,soygene,[0.25],0.25,"[3, 6, 9]",True,True,1,2,0,1,0.0005,45,224,2,,11143,,,,,4.6206,7.877,6.9641,88.286,200.9647
server-3090,40,evit_vit_base_patch16_224.orig_in21k,soygene,[0.5],0.5,"[3, 6, 9]",True,False,0,2,0,1,0.0005,45,224,1,,11143,,,,,7.7736,7.877,8.8235,88.2845,119.4536
server-3090,40,evit_vit_base_patch16_224.orig_in21k,soygene,[0.1],0.1,"[3, 6, 9]",False,False,0,2,0,1,0.0005,45,224,1,,11143,,,,,7.8897,0.7324,5.637,86.6522,117.696
server-3090,40,evit_vit_base_patch16_224.orig_in21k,soygene,[0.1],0.1,"[3, 6, 9]",False,False,0,2,0,1,0.0005,45,224,2,,11143,,,,,4.1351,0.7324,5.637,86.6522,224.5627
server-3090,40,evit_vit_base_patch16_224.orig_in21k,soygene,[0.1],0.1,"[3, 6, 9]",False,False,0,2,0,1,0.0005,45,224,4,,11143,,,,,2.3087,0.7324,5.637,86.6522,402.21
server-3090,40,evit_vit_base_patch16_224.orig_in21k,soygene,[0.1],0.1,"[3, 6, 9]",False,False,0,2,0,1,0.0005,45,224,8,,11143,,,,,1.6049,0.7324,5.637,86.6522,578.5912
server-3090,40,evit_vit_base_patch16_224.orig_in21k,soygene,[0.1],0.1,"[3, 6, 9]",False,False,0,2,0,1,0.0005,45,224,16,,11143,,,,,1.3985,0.7422,5.637,86.6522,663.9775
server-3090,40,evit_vit_base_patch16_224.orig_in21k,soygene,[0.1],0.1,"[3, 6, 9]",False,False,0,2,0,1,0.0005,45,224,32,,11143,,,,,1.3986,0.7246,5.637,86.6522,663.9422
server-3090,40,evit_vit_base_patch16_224.orig_in21k,soygene,[0.1],0.1,"[3, 6, 9]",False,False,0,2,0,1,0.0005,45,224,64,,11143,,,,,1.4025,1.0137,5.637,86.6522,662.0731
server-3090,40,evit_vit_base_patch16_224.orig_in21k,soygene,[0.1],0.1,"[3, 6, 9]",False,False,0,2,0,1,0.0005,45,224,128,,11143,,,,,1.4501,1.5957,5.637,86.6522,640.3501
server-3090,40,evit_vit_base_patch16_224.orig_in21k,soygene,[0.1],0.1,"[3, 6, 9]",False,False,0,2,0,1,0.0005,45,224,256,,11143,,,,,1.5199,2.8027,5.637,86.6522,610.9415
server-3090,40,evit_vit_base_patch16_224.orig_in21k,soygene,[0.25],0.25,"[3, 6, 9]",True,False,0,2,0,1,0.0005,45,224,256,,11143,,,,,1.5268,7.0,6.5337,88.2845,608.1799
server-3090,40,evit_vit_base_patch16_224.orig_in21k,soygene,[0.25],0.25,"[3, 6, 9]",True,False,0,2,0,1,0.0005,45,224,128,,11143,,,,,1.4471,7.916,6.5337,88.2845,641.6645
server-3090,40,evit_vit_base_patch16_224.orig_in21k,soygene,[0.25],0.25,"[3, 6, 9]",True,False,0,2,0,1,0.0005,45,224,64,,11143,,,,,1.4015,7.916,6.5337,88.2845,662.5742
server-3090,40,evit_vit_base_patch16_224.orig_in21k,soygene,[0.25],0.25,"[3, 6, 9]",True,False,0,2,0,1,0.0005,45,224,16,,11143,,,,,1.4003,7.916,6.5337,88.2845,663.1306
server-3090,40,evit_vit_base_patch16_224.orig_in21k,soygene,[0.5],0.5,"[3, 6, 9]",True,True,1,2,0,1,0.0005,45,224,32,,11143,,,,,1.4418,7.9102,9.3211,88.286,644.0565
server-3090,40,evit_vit_base_patch16_224.orig_in21k,soygene,[0.25],0.25,"[3, 6, 9]",False,False,0,2,0,1,0.0005,45,224,4,,11143,,,,,2.3148,0.7324,6.5328,86.6522,401.1441
server-3090,40,evit_vit_base_patch16_224.orig_in21k,soygene,[0.5],0.5,"[3, 6, 9]",True,True,1,2,0,1,0.0005,45,224,8,,11143,,,,,1.7315,7.9102,9.3211,88.286,536.2929
server-3090,40,evit_vit_base_patch16_224.orig_in21k,soygene,[0.1],0.1,"[3, 6, 9]",True,True,1,2,0,1,0.0005,45,224,2,,11143,,,,,4.7819,7.877,5.9634,88.286,194.1861
server-3090,40,evit_vit_base_patch16_224.orig_in21k,soygene,[0.1],0.1,"[3, 6, 9]",True,True,1,2,0,1,0.0005,45,224,4,,11143,,,,,2.5895,7.9023,5.9634,88.286,358.598
server-3090,40,evit_vit_base_patch16_224.orig_in21k,soygene,[0.1],0.1,"[3, 6, 9]",True,True,1,2,0,1,0.0005,45,224,8,,11143,,,,,1.7109,7.9102,5.9634,88.286,542.7415
server-3090,40,evit_vit_base_patch16_224.orig_in21k,soygene,[0.1],0.1,"[3, 6, 9]",True,True,1,2,0,1,0.0005,45,224,16,,11143,,,,,1.406,7.9102,5.9634,88.286,660.45
server-3090,40,evit_vit_base_patch16_224.orig_in21k,soygene,[0.1],0.1,"[3, 6, 9]",True,True,1,2,0,1,0.0005,45,224,32,,11143,,,,,1.3824,7.9102,5.9634,88.286,671.7384
server-3090,40,evit_vit_base_patch16_224.orig_in21k,soygene,[0.1],0.1,"[3, 6, 9]",True,True,1,2,0,1,0.0005,45,224,64,,11143,,,,,1.3804,7.9102,5.9634,88.286,672.6765
server-3090,40,evit_vit_base_patch16_224.orig_in21k,soygene,[0.5],0.5,"[3, 6, 9]",True,True,1,2,0,1,0.0005,45,224,16,,11143,,,,,1.4371,7.9102,9.3211,88.286,646.1285
server-3090,40,evit_vit_base_patch16_224.orig_in21k,soygene,[0.5],0.5,"[3, 6, 9]",True,True,1,2,0,1,0.0005,45,224,1,,11143,,,,,8.2993,7.877,9.3211,88.286,111.8875
server-3090,40,evit_vit_base_patch16_224.orig_in21k,soygene,[0.1],0.1,"[3, 6, 9]",True,True,1,2,0,1,0.0005,45,224,256,,11143,,,,,1.5191,7.2363,5.9634,88.286,611.2872
server-3090,40,evit_vit_base_patch16_224.orig_in21k,soygene,[0.5],0.5,"[3, 6, 9]",True,False,0,2,0,1,0.0005,45,224,128,,11143,,,,,1.4898,7.916,8.8235,88.2845,623.2759
server-3090,40,evit_vit_base_patch16_224.orig_in21k,soygene,[0.5],0.5,"[3, 6, 9]",True,False,0,2,0,1,0.0005,45,224,64,,11143,,,,,1.4516,7.916,8.8235,88.2845,639.7024
server-3090,40,evit_vit_base_patch16_224.orig_in21k,soygene,[0.5],0.5,"[3, 6, 9]",True,False,0,2,0,1,0.0005,45,224,32,,11143,,,,,1.4435,7.916,8.8235,88.2845,643.2761
server-3090,40,evit_vit_base_patch16_224.orig_in21k,soygene,[0.5],0.5,"[3, 6, 9]",True,False,0,2,0,1,0.0005,45,224,16,,11143,,,,,1.4377,7.916,8.8235,88.2845,645.8785
server-3090,40,evit_vit_base_patch16_224.orig_in21k,soygene,[0.5],0.5,"[3, 6, 9]",True,False,0,2,0,1,0.0005,45,224,8,,11143,,,,,1.6569,7.916,8.8235,88.2845,560.4371
server-3090,40,evit_vit_base_patch16_224.orig_in21k,soygene,[0.5],0.5,"[3, 6, 9]",True,False,0,2,0,1,0.0005,45,224,4,,11143,,,,,2.4146,7.9023,8.8235,88.2845,384.5693
server-3090,40,evit_vit_base_patch16_224.orig_in21k,soygene,[0.5],0.5,"[3, 6, 9]",True,False,0,2,0,1,0.0005,45,224,2,,11143,,,,,4.3011,7.877,8.8235,88.2845,215.8968
server-3090,40,evit_vit_base_patch16_224.orig_in21k,soygene,[0.5],0.5,"[3, 6, 9]",True,False,0,2,0,1,0.0005,45,224,256,,11143,,,,,1.5557,7.0,8.8235,88.2845,596.8857
server-3090,40,evit_vit_base_patch16_224.orig_in21k,soygene,[0.1],0.1,"[3, 6, 9]",True,True,1,2,0,1,0.0005,45,224,1,,11143,,,,,8.8688,7.877,5.9634,88.286,104.7025
server-3090,40,evit_vit_base_patch16_224.orig_in21k,soygene,[0.1],0.1,"[3, 6, 9]",True,True,1,2,0,1,0.0005,45,224,128,,11143,,,,,1.4411,7.9102,5.9634,88.286,644.3568
server-3090,40,evit_vit_base_patch16_224.orig_in21k,soygene,[0.5],0.5,"[3, 6, 9]",True,True,1,2,0,1,0.0005,45,224,2,,11143,,,,,4.7171,7.877,9.3211,88.286,196.8544
server-3090,40,evit_vit_base_patch16_224.orig_in21k,soygene,[0.5],0.5,"[3, 6, 9]",True,True,1,2,0,1,0.0005,45,224,4,,11143,,,,,2.6373,7.9023,9.3211,88.286,352.0913
server-3090,41,evit_vit_base_patch16_224.orig_in21k,soygene,[0.1],0.1,"[3, 6, 9]",True,False,0,2,0,1,0.0005,45,448,1,,11143,,,,,8.5263,7.8906,24.7982,88.7361,108.9078
DGX-CN01,41,evit_vit_base_patch16_224.orig_in21k,soygene,[0.5],0.5,"[3, 6, 9]",False,False,0,2,0,1,0.0005,45,448,16,,11143,,,,,3.4819,1.7324,38.2087,87.1038,266.6921
DGX-CN01,41,evit_vit_base_patch16_224.orig_in21k,soygene,[0.5],0.5,"[3, 6, 9]",False,False,0,2,0,1,0.0005,45,448,8,,11143,,,,,3.5286,1.207,38.2087,87.1038,263.162
DGX-CN01,41,evit_vit_base_patch16_224.orig_in21k,soygene,[0.5],0.5,"[3, 6, 9]",False,False,0,2,0,1,0.0005,45,448,4,,11143,,,,,3.6121,0.7812,38.2087,87.1038,257.0791
DGX-CN01,41,evit_vit_base_patch16_224.orig_in21k,soygene,[0.5],0.5,"[3, 6, 9]",False,False,0,2,0,1,0.0005,45,448,2,,11143,,,,,3.9034,0.6328,38.2087,87.1038,237.8916
DGX-CN01,41,evit_vit_base_patch16_224.orig_in21k,soygene,[0.5],0.5,"[3, 6, 9]",False,False,0,2,0,1,0.0005,45,448,1,,11143,,,,,5.5785,0.5762,38.2087,87.1038,166.459
server-3090,41,evit_vit_base_patch16_224.orig_in21k,soygene,[0.1],0.1,"[3, 6, 9]",True,False,0,2,0,1,0.0005,45,448,256,,11143,,,,,6.3233,22.041,24.7982,88.7361,146.8521
server-3090,41,evit_vit_base_patch16_224.orig_in21k,soygene,[0.1],0.1,"[3, 6, 9]",True,False,0,2,0,1,0.0005,45,448,128,,11143,,,,,2.6706,15.0137,24.7982,88.7361,347.7051
server-3090,41,evit_vit_base_patch16_224.orig_in21k,soygene,[0.1],0.1,"[3, 6, 9]",True,False,0,2,0,1,0.0005,45,448,64,,11143,,,,,2.4219,9.5312,24.7982,88.7361,383.4094
server-3090,41,evit_vit_base_patch16_224.orig_in21k,soygene,[0.1],0.1,"[3, 6, 9]",True,False,0,2,0,1,0.0005,45,448,32,,11143,,,,,2.3146,7.9531,24.7982,88.7361,401.1888
server-3090,41,evit_vit_base_patch16_224.orig_in21k,soygene,[0.1],0.1,"[3, 6, 9]",True,False,0,2,0,1,0.0005,45,448,16,,11143,,,,,2.2579,7.9551,24.7982,88.7361,411.2659
server-3090,41,evit_vit_base_patch16_224.orig_in21k,soygene,[0.1],0.1,"[3, 6, 9]",True,False,0,2,0,1,0.0005,45,448,8,,11143,,,,,2.3109,7.9551,24.7982,88.7361,401.833
DGX-CN01,41,vit_base_patch16_224.orig_in21k,soygene,[],,[],False,False,0,2,0,1,0.0005,45,448,2,,11143,,,,,3.8394,0.6855,78.5175,87.1038,241.8551
DGX-CN01,41,vit_base_patch16_224.orig_in21k,soygene,[],,[],False,False,0,2,0,1,0.0005,45,448,4,,11143,,,,,3.6268,0.8594,78.5175,87.1038,256.0347
DGX-CN01,41,vit_base_patch16_224.orig_in21k,soygene,[],,[],False,False,0,2,0,1,0.0005,45,448,8,,11143,,,,,3.5604,1.207,78.5175,87.1038,260.8074
DGX-CN01,41,vit_base_patch16_224.orig_in21k,soygene,[],,[],False,False,0,2,0,1,0.0005,45,448,16,,11143,,,,,3.5204,1.7324,78.5175,87.1038,263.7748
DGX-CN01,41,vit_base_patch16_224.orig_in21k,soygene,[],,[],False,False,0,2,0,1,0.0005,45,448,32,,11143,,,,,3.5054,3.0547,78.5175,87.1038,264.9017
DGX-CN01,41,vit_base_patch16_224.orig_in21k,soygene,[],,[],False,False,0,2,0,1,0.0005,45,448,64,,11143,,,,,3.5246,5.7227,78.5175,87.1038,263.4606
DGX-CN01,41,vit_base_patch16_224.orig_in21k,soygene,[],,[],False,False,0,2,0,1,0.0005,45,448,128,,11143,,,,,3.5429,11.2637,78.5175,87.1038,262.095
DGX-CN01,41,vit_base_patch16_224.orig_in21k,soygene,[],,[],False,False,0,2,0,1,0.0005,45,448,256,,11143,,,,,3.7161,22.0391,78.5175,87.1038,249.8837
DGX-CN01,41,evit_vit_base_patch16_224.orig_in21k,soygene,[0.5],0.5,"[3, 6, 9]",False,False,0,2,0,1,0.0005,45,448,32,,11143,,,,,3.4585,3.0566,38.2087,87.1038,268.4969
DGX-CN01,41,evit_vit_base_patch16_224.orig_in21k,soygene,[0.5],0.5,"[3, 6, 9]",False,False,0,2,0,1,0.0005,45,448,64,,11143,,,,,3.4569,5.9062,38.2087,87.1038,268.6182
DGX-CN01,41,evit_vit_base_patch16_224.orig_in21k,soygene,[0.5],0.5,"[3, 6, 9]",False,False,0,2,0,1,0.0005,45,448,128,,11143,,,,,3.4712,11.2656,38.2087,87.1038,267.51
DGX-CN01,41,evit_vit_base_patch16_224.orig_in21k,soygene,[0.5],0.5,"[3, 6, 9]",False,False,0,2,0,1,0.0005,45,448,256,,11143,,,,,3.612,22.041,38.2087,87.1038,257.0838
DGX-CN01,41,evit_vit_base_patch16_224.orig_in21k,soygene,[0.5],0.5,"[3, 6, 9]",True,False,0,2,0,1,0.0005,45,448,4,,11143,,,,,3.66,0.8828,38.2095,88.7361,253.7129
DGX-CN01,41,evit_vit_base_patch16_224.orig_in21k,soygene,[0.5],0.5,"[3, 6, 9]",True,False,0,2,0,1,0.0005,45,448,2,,11143,,,,,3.9809,0.7266,38.2095,88.7361,233.2568
server-3090,41,evit_vit_base_patch16_224.orig_in21k,soygene,[0.1],0.1,"[3, 6, 9]",True,True,1,2,0,1,0.0005,45,448,128,,11143,,,,,2.7426,15.0371,25.1748,88.7376,338.573
server-3090,41,evit_vit_base_patch16_224.orig_in21k,soygene,[0.1],0.1,"[3, 6, 9]",True,True,1,2,0,1,0.0005,45,448,64,,11143,,,,,2.4303,9.543,25.1748,88.7376,382.0931
server-3090,41,evit_vit_base_patch16_224.orig_in21k,soygene,[0.1],0.1,"[3, 6, 9]",True,True,1,2,0,1,0.0005,45,448,32,,11143,,,,,2.3172,7.9512,25.1748,88.7376,400.7355
server-3090,41,evit_vit_base_patch16_224.orig_in21k,soygene,[0.1],0.1,"[3, 6, 9]",True,True,1,2,0,1,0.0005,45,448,16,,11143,,,,,2.2659,7.9531,25.1748,88.7376,409.8051
server-3090,41,evit_vit_base_patch16_224.orig_in21k,soygene,[0.1],0.1,"[3, 6, 9]",True,True,1,2,0,1,0.0005,45,448,8,,11143,,,,,2.3573,7.9531,25.1748,88.7376,393.926
server-3090,41,evit_vit_base_patch16_224.orig_in21k,soygene,[0.1],0.1,"[3, 6, 9]",True,True,1,2,0,1,0.0005,45,448,4,,11143,,,,,2.9965,7.9922,25.1748,88.7376,309.8927
server-3090,41,evit_vit_base_patch16_224.orig_in21k,soygene,[0.1],0.1,"[3, 6, 9]",True,True,1,2,0,1,0.0005,45,448,2,,11143,,,,,5.1964,7.8887,25.1748,88.7376,178.6988
DGX-CN01,41,vit_base_patch16_224.orig_in21k,soygene,[],,[],False,False,0,2,0,1,0.0005,45,448,1,,11143,,,,,4.9635,0.6289,78.5175,87.1038,187.0834
DGX-CN01,41,evit_vit_base_patch16_224.orig_in21k,soygene,[0.5],0.5,"[3, 6, 9]",True,False,0,2,0,1,0.0005,45,448,1,,11143,,,,,5.7449,0.7266,38.2095,88.7361,161.6347
server-3090,41,evit_vit_base_patch16_224.orig_in21k,soygene,[0.25],0.25,"[3, 6, 9]",True,True,1,2,0,1,0.0005,45,448,2,,11143,,,,,5.2245,7.8906,28.9936,88.7376,177.7364
server-3090,41,evit_vit_base_patch16_224.orig_in21k,soygene,[0.25],0.25,"[3, 6, 9]",True,True,1,2,0,1,0.0005,45,448,4,,11143,,,,,2.9978,7.9941,28.9936,88.7376,309.7537
server-3090,41,evit_vit_base_patch16_224.orig_in21k,soygene,[0.25],0.25,"[3, 6, 9]",True,True,1,2,0,1,0.0005,45,448,8,,11143,,,,,2.4652,7.9551,28.9936,88.7376,376.6692
server-3090,41,evit_vit_base_patch16_224.orig_in21k,soygene,[0.25],0.25,"[3, 6, 9]",True,True,1,2,0,1,0.0005,45,448,16,,11143,,,,,2.3685,7.9551,28.9936,88.7376,392.0516
server-3090,41,evit_vit_base_patch16_224.orig_in21k,soygene,[0.25],0.25,"[3, 6, 9]",True,True,1,2,0,1,0.0005,45,448,32,,11143,,,,,2.406,7.9531,28.9936,88.7376,385.9448
server-3090,41,evit_vit_base_patch16_224.orig_in21k,soygene,[0.25],0.25,"[3, 6, 9]",True,True,1,2,0,1,0.0005,45,448,64,,11143,,,,,2.5191,9.541,28.9936,88.7376,368.6231
server-3090,41,evit_vit_base_patch16_224.orig_in21k,soygene,[0.25],0.25,"[3, 6, 9]",True,True,1,2,0,1,0.0005,45,448,128,,11143,,,,,2.8327,15.0371,28.9936,88.7376,327.8094
server-3090,41,evit_vit_base_patch16_224.orig_in21k,soygene,[0.25],0.25,"[3, 6, 9]",True,True,1,2,0,1,0.0005,45,448,256,,11143,,,,,6.8647,22.0859,28.9936,88.7376,135.2684
server-3090,41,evit_vit_base_patch16_224.orig_in21k,soygene,[0.1],0.1,"[3, 6, 9]",True,True,1,2,0,1,0.0005,45,448,1,,11143,,,,,9.3203,7.8887,25.1748,88.7376,99.6297
DGX-CN01,41,evit_vit_base_patch16_224.orig_in21k,soygene,[0.7],0.7,"[3, 6, 9]",False,False,0,2,0,1,0.0005,45,448,256,,11143,,,,,3.6469,22.041,50.173,87.1038,254.62
server-3090,41,evit_vit_base_patch16_224.orig_in21k,soygene,[0.1],0.1,"[3, 6, 9]",True,False,0,2,0,1,0.0005,45,448,4,,11143,,,,,2.8532,7.9805,24.7982,88.7361,325.4543
DGX-CN01,41,evit_vit_base_patch16_224.orig_in21k,soygene,[0.7],0.7,"[3, 6, 9]",True,True,1,2,0,1,0.0005,45,448,256,,11143,,,,,3.6609,22.0879,50.8635,88.7376,253.6524
DGX-CN01,41,evit_vit_base_patch16_224.orig_in21k,soygene,[0.7],0.7,"[3, 6, 9]",True,False,0,2,0,1,0.0005,45,448,4,,11143,,,,,3.6121,0.873,50.1736,88.7361,257.0756
DGX-CN01,41,evit_vit_base_patch16_224.orig_in21k,soygene,[0.7],0.7,"[3, 6, 9]",True,False,0,2,0,1,0.0005,45,448,2,,11143,,,,,3.9341,0.7344,50.1736,88.7361,236.0339
DGX-CN01,41,evit_vit_base_patch16_224.orig_in21k,soygene,[0.7],0.7,"[3, 6, 9]",False,False,0,2,0,1,0.0005,45,448,2,,11143,,,,,3.9746,0.6523,50.173,87.1038,233.6276
DGX-CN01,41,evit_vit_base_patch16_224.orig_in21k,soygene,[0.7],0.7,"[3, 6, 9]",False,False,0,2,0,1,0.0005,45,448,4,,11143,,,,,3.6435,0.7754,50.173,87.1038,254.8612
DGX-CN01,41,evit_vit_base_patch16_224.orig_in21k,soygene,[0.7],0.7,"[3, 6, 9]",False,False,0,2,0,1,0.0005,45,448,8,,11143,,,,,3.5284,1.207,50.173,87.1038,263.1763
DGX-CN01,41,evit_vit_base_patch16_224.orig_in21k,soygene,[0.7],0.7,"[3, 6, 9]",False,False,0,2,0,1,0.0005,45,448,16,,11143,,,,,3.4855,1.7324,50.173,87.1038,266.4132
DGX-CN01,41,evit_vit_base_patch16_224.orig_in21k,soygene,[0.7],0.7,"[3, 6, 9]",False,False,0,2,0,1,0.0005,45,448,32,,11143,,,,,3.5023,3.0566,50.173,87.1038,265.1317
DGX-CN01,41,vit_base_patch16_224.orig_in21k,soygene,[],,[],True,False,0,2,0,1,0.0005,45,448,1,,11143,,,,,5.1696,0.7402,78.5178,88.7361,179.6227
DGX-CN01,41,evit_vit_base_patch16_224.orig_in21k,soygene,[0.5],0.5,"[3, 6, 9]",True,False,0,2,0,1,0.0005,45,448,8,,11143,,,,,3.532,1.082,38.2095,88.7361,262.9032
DGX-CN01,41,evit_vit_base_patch16_224.orig_in21k,soygene,[0.7],0.7,"[3, 6, 9]",True,False,0,2,0,1,0.0005,45,448,8,,11143,,,,,3.5188,1.082,50.1736,88.7361,263.8933
DGX-CN01,41,evit_vit_base_patch16_224.orig_in21k,soygene,[0.7],0.7,"[3, 6, 9]",False,False,0,2,0,1,0.0005,45,448,64,,11143,,,,,3.5016,5.9062,50.173,87.1038,265.1907
DGX-CN01,41,vit_base_patch16_224.orig_in21k,soygene,[],,[],True,False,0,2,0,1,0.0005,45,448,2,,11143,,,,,3.8834,0.8242,78.5178,88.7361,239.1144
DGX-CN01,41,vit_base_patch16_224.orig_in21k,soygene,[],,[],True,False,0,2,0,1,0.0005,45,448,4,,11143,,,,,3.6321,0.9844,78.5178,88.7361,255.657
DGX-CN01,41,vit_base_patch16_224.orig_in21k,soygene,[],,[],True,False,0,2,0,1,0.0005,45,448,8,,11143,,,,,3.5733,1.2539,78.5178,88.7361,259.8649
DGX-CN01,41,vit_base_patch16_224.orig_in21k,soygene,[],,[],True,False,0,2,0,1,0.0005,45,448,16,,11143,,,,,3.5564,1.916,78.5178,88.7361,261.099
DGX-CN01,41,vit_base_patch16_224.orig_in21k,soygene,[],,[],True,False,0,2,0,1,0.0005,45,448,32,,11143,,,,,3.5628,3.207,78.5178,88.7361,260.6316
DGX-CN01,41,vit_base_patch16_224.orig_in21k,soygene,[],,[],True,False,0,2,0,1,0.0005,45,448,64,,11143,,,,,3.6159,5.8574,78.5178,88.7361,256.8034
DGX-CN01,41,vit_base_patch16_224.orig_in21k,soygene,[],,[],True,False,0,2,0,1,0.0005,45,448,128,,11143,,,,,3.5753,11.2129,78.5178,88.7361,259.7247
DGX-CN01,41,vit_base_patch16_224.orig_in21k,soygene,[],,[],True,False,0,2,0,1,0.0005,45,448,256,,11143,,,,,3.7673,22.0391,78.5178,88.7361,246.4846
DGX-CN01,41,evit_vit_base_patch16_224.orig_in21k,soygene,[0.7],0.7,"[3, 6, 9]",False,False,0,2,0,1,0.0005,45,448,128,,11143,,,,,3.4691,11.2656,50.173,87.1038,267.6743
DGX-CN01,41,evit_vit_base_patch16_224.orig_in21k,soygene,[0.7],0.7,"[3, 6, 9]",True,False,0,2,0,1,0.0005,45,448,1,,11143,,,,,5.7605,0.7148,50.1736,88.7361,161.1977
server-3090,41,evit_vit_base_patch16_224.orig_in21k,soygene,[0.1],0.1,"[3, 6, 9]",False,False,0,2,0,1,0.0005,45,448,1,,11143,,,,,8.1303,0.7969,24.7973,87.1038,114.2131
DGX-CN01,41,evit_vit_base_patch16_224.orig_in21k,soygene,[0.7],0.7,"[3, 6, 9]",True,False,0,2,0,1,0.0005,45,448,16,,11143,,,,,3.4705,1.7324,50.1736,88.7361,267.5679
DGX-CN01,41,evit_vit_base_patch16_224.orig_in21k,soygene,[0.7],0.7,"[3, 6, 9]",True,False,0,2,0,1,0.0005,45,448,64,,11143,,,,,3.4832,5.8574,50.1736,88.7361,266.5914
DGX-CN01,41,evit_vit_base_patch16_224.orig_in21k,soygene,[0.7],0.7,"[3, 6, 9]",True,True,1,2,0,1,0.0005,45,448,128,,11143,,,,,3.4878,11.2402,50.8635,88.7376,266.234
DGX-CN01,41,evit_vit_base_patch16_224.orig_in21k,soygene,[0.7],0.7,"[3, 6, 9]",True,True,1,2,0,1,0.0005,45,448,64,,11143,,,,,3.4561,5.8809,50.8635,88.7376,268.6808
DGX-CN01,41,evit_vit_base_patch16_224.orig_in21k,soygene,[0.7],0.7,"[3, 6, 9]",True,True,1,2,0,1,0.0005,45,448,32,,11143,,,,,3.4727,3.1719,50.8635,88.7376,267.3959
DGX-CN01,41,evit_vit_base_patch16_224.orig_in21k,soygene,[0.7],0.7,"[3, 6, 9]",True,True,1,2,0,1,0.0005,45,448,16,,11143,,,,,3.4881,1.7402,50.8635,88.7376,266.2172
DGX-CN01,41,evit_vit_base_patch16_224.orig_in21k,soygene,[0.7],0.7,"[3, 6, 9]",True,True,1,2,0,1,0.0005,45,448,8,,11143,,,,,3.5428,1.0879,50.8635,88.7376,262.1044
DGX-CN01,41,evit_vit_base_patch16_224.orig_in21k,soygene,[0.7],0.7,"[3, 6, 9]",True,True,1,2,0,1,0.0005,45,448,4,,11143,,,,,3.6523,0.875,50.8635,88.7376,254.2481
DGX-CN01,41,evit_vit_base_patch16_224.orig_in21k,soygene,[0.7],0.7,"[3, 6, 9]",True,True,1,2,0,1,0.0005,45,448,2,,11143,,,,,4.0673,0.7344,50.8635,88.7376,228.3029
server-3090,41,evit_vit_base_patch16_224.orig_in21k,soygene,[0.1],0.1,"[3, 6, 9]",True,False,0,2,0,1,0.0005,45,448,2,,11143,,,,,4.7643,7.8906,24.7982,88.7361,194.903
DGX-CN01,41,evit_vit_base_patch16_224.orig_in21k,soygene,[0.7],0.7,"[3, 6, 9]",True,True,1,2,0,1,0.0005,45,448,1,,11143,,,,,6.3291,0.7188,50.8635,88.7376,146.7155
DGX-CN01,41,evit_vit_base_patch16_224.orig_in21k,soygene,[0.7],0.7,"[3, 6, 9]",True,False,0,2,0,1,0.0005,45,448,32,,11143,,,,,3.4668,3.209,50.1736,88.7361,267.8491
server-3090,41,evit_vit_base_patch16_224.orig_in21k,soygene,[0.1],0.1,"[3, 6, 9]",False,False,0,2,0,1,0.0005,45,448,2,,11143,,,,,4.5706,0.7949,24.7973,87.1038,203.1637
server-3090,41,evit_vit_base_patch16_224.orig_in21k,soygene,[0.1],0.1,"[3, 6, 9]",False,False,0,2,0,1,0.0005,45,448,8,,11143,,,,,2.3008,1.1816,24.7973,87.1038,403.591
server-3090,41,evit_vit_base_patch16_224.orig_in21k,soygene,[0.1],0.1,"[3, 6, 9]",False,False,0,2,0,1,0.0005,45,448,16,,11143,,,,,2.2421,1.7051,24.7973,87.1038,414.1535
server-3090,41,evit_vit_base_patch16_224.orig_in21k,soygene,[0.1],0.1,"[3, 6, 9]",False,False,0,2,0,1,0.0005,45,448,32,,11143,,,,,2.3094,3.0234,24.7973,87.1038,402.0938
server-3090,41,evit_vit_base_patch16_224.orig_in21k,soygene,[0.1],0.1,"[3, 6, 9]",False,False,0,2,0,1,0.0005,45,448,64,,11143,,,,,2.4188,5.8223,24.7973,87.1038,383.8985
server-3090,41,evit_vit_base_patch16_224.orig_in21k,soygene,[0.1],0.1,"[3, 6, 9]",False,False,0,2,0,1,0.0005,45,448,128,,11143,,,,,2.6741,11.0723,24.7973,87.1038,347.2463
server-3090,41,evit_vit_base_patch16_224.orig_in21k,soygene,[0.1],0.1,"[3, 6, 9]",False,False,0,2,0,1,0.0005,45,448,256,,11143,,,,,6.5845,22.041,24.7973,87.1038,141.0258
DGX-CN01,41,evit_vit_base_patch16_224.orig_in21k,soygene,[0.7],0.7,"[3, 6, 9]",False,False,0,2,0,1,0.0005,45,448,1,,11143,,,,,5.6632,0.5957,50.173,87.1038,163.9684
DGX-CN01,41,evit_vit_base_patch16_224.orig_in21k,soygene,[0.7],0.7,"[3, 6, 9]",True,False,0,2,0,1,0.0005,45,448,256,,11143,,,,,3.6534,22.041,50.1736,88.7361,254.1717
DGX-CN01,41,evit_vit_base_patch16_224.orig_in21k,soygene,[0.7],0.7,"[3, 6, 9]",True,False,0,2,0,1,0.0005,45,448,128,,11143,,,,,3.4841,11.2168,50.1736,88.7361,266.523
server-3090,41,evit_vit_base_patch16_224.orig_in21k,soygene,[0.1],0.1,"[3, 6, 9]",False,False,0,2,0,1,0.0005,45,448,4,,11143,,,,,2.7992,0.8105,24.7973,87.1038,331.726
DGX-CN01,41,evit_vit_base_patch16_224.orig_in21k,soygene,[0.5],0.5,"[3, 6, 9]",True,False,0,2,0,1,0.0005,45,448,16,,11143,,,,,3.4596,1.8145,38.2095,88.7361,268.4083
server-3090,41,evit_vit_base_patch16_224.orig_in21k,soygene,[0.5],0.5,"[3, 6, 9]",False,False,0,2,0,1,0.0005,45,448,256,,11143,,,,,7.3004,22.041,38.2087,87.1038,127.1961
DGX-CN01,41,evit_vit_base_patch16_224.orig_in21k,soygene,[0.5],0.5,"[3, 6, 9]",True,False,0,2,0,1,0.0005,45,448,64,,11143,,,,,3.4534,5.8574,38.2095,88.7361,268.8894
server-3090,41,evit_vit_base_patch16_224.orig_in21k,soygene,[0.7],0.7,"[3, 6, 9]",True,False,0,2,0,1,0.0005,45,448,8,,11143,,,,,3.6077,4.7422,50.1736,88.7361,257.3858
server-3090,41,evit_vit_base_patch16_224.orig_in21k,soygene,[0.7],0.7,"[3, 6, 9]",True,False,0,2,0,1,0.0005,45,448,4,,11143,,,,,3.9298,7.9805,50.1736,88.7361,236.2957
server-3090,41,evit_vit_base_patch16_224.orig_in21k,soygene,[0.7],0.7,"[3, 6, 9]",True,False,0,2,0,1,0.0005,45,448,2,,11143,,,,,4.7961,7.8984,50.1736,88.7361,193.6117
server-3090,41,evit_vit_base_patch16_224.orig_in21k,soygene,[0.7],0.7,"[3, 6, 9]",True,False,0,2,0,1,0.0005,45,448,1,,11143,,,,,8.3952,7.8984,50.1736,88.7361,110.6094
server-3090,41,evit_vit_base_patch16_224.orig_in21k,soygene,[0.5],0.5,"[3, 6, 9]",True,True,1,2,0,1,0.0005,45,448,1,,11143,,,,,9.2144,7.9102,38.7699,88.7376,100.7754
server-3090,41,evit_vit_base_patch16_224.orig_in21k,soygene,[0.7],0.7,"[3, 6, 9]",False,False,0,2,0,1,0.0005,45,448,256,,11143,,,,,16.5298,22.041,50.173,87.1038,56.1762
server-3090,41,evit_vit_base_patch16_224.orig_in21k,soygene,[0.7],0.7,"[3, 6, 9]",False,False,0,2,0,1,0.0005,45,448,128,,11143,,,,,3.8925,11.0723,50.173,87.1038,238.5557
server-3090,41,evit_vit_base_patch16_224.orig_in21k,soygene,[0.7],0.7,"[3, 6, 9]",False,False,0,2,0,1,0.0005,45,448,64,,11143,,,,,3.578,5.8203,50.173,87.1038,259.5242
server-3090,41,evit_vit_base_patch16_224.orig_in21k,soygene,[0.7],0.7,"[3, 6, 9]",False,False,0,2,0,1,0.0005,45,448,32,,11143,,,,,3.4585,3.0195,50.173,87.1038,268.4969
server-3090,41,evit_vit_base_patch16_224.orig_in21k,soygene,[0.7],0.7,"[3, 6, 9]",False,False,0,2,0,1,0.0005,45,448,16,,11143,,,,,3.4574,1.7012,50.173,87.1038,268.5804
server-3090,41,evit_vit_base_patch16_224.orig_in21k,soygene,[0.7],0.7,"[3, 6, 9]",False,False,0,2,0,1,0.0005,45,448,8,,11143,,,,,3.6019,1.1777,50.173,87.1038,257.8043
server-3090,41,evit_vit_base_patch16_224.orig_in21k,soygene,[0.7],0.7,"[3, 6, 9]",False,False,0,2,0,1,0.0005,45,448,4,,11143,,,,,3.9101,0.8125,50.173,87.1038,237.4829
server-3090,41,evit_vit_base_patch16_224.orig_in21k,soygene,[0.7],0.7,"[3, 6, 9]",True,False,0,2,0,1,0.0005,45,448,16,,11143,,,,,3.4509,5.4199,50.1736,88.7361,269.0867
server-3090,41,evit_vit_base_patch16_224.orig_in21k,soygene,[0.7],0.7,"[3, 6, 9]",False,False,0,2,0,1,0.0005,45,448,2,,11143,,,,,4.5798,0.7969,50.173,87.1038,202.755
server-3090,41,evit_vit_base_patch16_224.orig_in21k,soygene,[0.5],0.5,"[3, 6, 9]",True,True,1,2,0,1,0.0005,45,448,2,,11143,,,,,5.1455,7.9102,38.7699,88.7376,180.4651
server-3090,41,evit_vit_base_patch16_224.orig_in21k,soygene,[0.5],0.5,"[3, 6, 9]",True,True,1,2,0,1,0.0005,45,448,4,,11143,,,,,3.2826,7.9941,38.7699,88.7376,282.8842
server-3090,41,evit_vit_base_patch16_224.orig_in21k,soygene,[0.5],0.5,"[3, 6, 9]",True,True,1,2,0,1,0.0005,45,448,8,,11143,,,,,2.9808,7.9551,38.7699,88.7376,311.5232
server-3090,41,evit_vit_base_patch16_224.orig_in21k,soygene,[0.5],0.5,"[3, 6, 9]",True,True,1,2,0,1,0.0005,45,448,16,,11143,,,,,2.8354,7.9551,38.7699,88.7376,327.4948
server-3090,41,evit_vit_base_patch16_224.orig_in21k,soygene,[0.5],0.5,"[3, 6, 9]",True,True,1,2,0,1,0.0005,45,448,32,,11143,,,,,2.8392,7.9531,38.7699,88.7376,327.0574
server-3090,41,evit_vit_base_patch16_224.orig_in21k,soygene,[0.5],0.5,"[3, 6, 9]",True,True,1,2,0,1,0.0005,45,448,64,,11143,,,,,2.9996,9.541,38.7699,88.7376,309.5667
server-3090,41,evit_vit_base_patch16_224.orig_in21k,soygene,[0.5],0.5,"[3, 6, 9]",True,True,1,2,0,1,0.0005,45,448,128,,11143,,,,,3.3118,15.0371,38.7699,88.7376,280.3849
server-3090,41,evit_vit_base_patch16_224.orig_in21k,soygene,[0.5],0.5,"[3, 6, 9]",True,True,1,2,0,1,0.0005,45,448,256,,11143,,,,,11.2098,22.0879,38.7699,88.7376,82.8364
server-3090,41,vit_base_patch16_224.orig_in21k,soygene,[],,[],True,False,0,2,0,1,0.0005,45,448,256,,11143,,,,,,,,,
server-3090,41,vit_base_patch16_224.orig_in21k,soygene,[],,[],True,False,0,2,0,1,0.0005,45,448,128,,11143,,,,,5.6484,15.0098,78.5178,88.7361,164.3981
server-3090,41,vit_base_patch16_224.orig_in21k,soygene,[],,[],True,False,0,2,0,1,0.0005,45,448,64,,11143,,,,,5.3075,9.5293,78.5178,88.7361,174.9582
server-3090,41,vit_base_patch16_224.orig_in21k,soygene,[],,[],True,False,0,2,0,1,0.0005,45,448,32,,11143,,,,,5.1983,6.7891,78.5178,88.7361,178.6308
server-3090,41,evit_vit_base_patch16_224.orig_in21k,soygene,[0.7],0.7,"[3, 6, 9]",False,False,0,2,0,1,0.0005,45,448,1,,11143,,,,,8.1103,0.7988,50.173,87.1038,114.4944
server-3090,41,evit_vit_base_patch16_224.orig_in21k,soygene,[0.7],0.7,"[3, 6, 9]",True,False,0,2,0,1,0.0005,45,448,32,,11143,,,,,3.4515,6.791,50.1736,88.7361,269.0407
server-3090,41,evit_vit_base_patch16_224.orig_in21k,soygene,[0.7],0.7,"[3, 6, 9]",True,False,0,2,0,1,0.0005,45,448,64,,11143,,,,,3.5677,9.5293,50.1736,88.7361,260.2747
server-3090,41,evit_vit_base_patch16_224.orig_in21k,soygene,[0.7],0.7,"[3, 6, 9]",True,False,0,2,0,1,0.0005,45,448,128,,11143,,,,,3.8764,15.0137,50.1736,88.7361,239.5448
server-3090,41,evit_vit_base_patch16_224.orig_in21k,soygene,[0.5],0.5,"[3, 6, 9]",False,False,0,2,0,1,0.0005,45,448,128,,11143,,,,,3.2471,11.0723,38.2087,87.1038,285.9765
server-3090,41,evit_vit_base_patch16_224.orig_in21k,soygene,[0.5],0.5,"[3, 6, 9]",False,False,0,2,0,1,0.0005,45,448,64,,11143,,,,,2.9357,5.8203,38.2087,87.1038,316.3088
server-3090,41,evit_vit_base_patch16_224.orig_in21k,soygene,[0.5],0.5,"[3, 6, 9]",False,False,0,2,0,1,0.0005,45,448,32,,11143,,,,,2.7707,3.0195,38.2087,87.1038,335.1493
server-3090,41,evit_vit_base_patch16_224.orig_in21k,soygene,[0.5],0.5,"[3, 6, 9]",False,False,0,2,0,1,0.0005,45,448,16,,11143,,,,,2.7662,1.7012,38.2087,87.1038,335.689
server-3090,41,evit_vit_base_patch16_224.orig_in21k,soygene,[0.5],0.5,"[3, 6, 9]",False,False,0,2,0,1,0.0005,45,448,8,,11143,,,,,2.883,1.1777,38.2087,87.1038,322.0895
server-3090,41,evit_vit_base_patch16_224.orig_in21k,soygene,[0.5],0.5,"[3, 6, 9]",False,False,0,2,0,1,0.0005,45,448,4,,11143,,,,,3.1721,0.8125,38.2087,87.1038,292.7324
server-3090,41,evit_vit_base_patch16_224.orig_in21k,soygene,[0.5],0.5,"[3, 6, 9]",False,False,0,2,0,1,0.0005,45,448,2,,11143,,,,,4.5877,0.7969,38.2087,87.1038,202.4071
server-3090,41,evit_vit_base_patch16_224.orig_in21k,soygene,[0.5],0.5,"[3, 6, 9]",False,False,0,2,0,1,0.0005,45,448,1,,11143,,,,,8.1561,0.7988,38.2087,87.1038,113.8508
server-3090,41,evit_vit_base_patch16_224.orig_in21k,soygene,[0.5],0.5,"[3, 6, 9]",True,False,0,2,0,1,0.0005,45,448,1,,11143,,,,,8.5767,7.9102,38.2095,88.7361,108.2687
server-3090,41,evit_vit_base_patch16_224.orig_in21k,soygene,[0.7],0.7,"[3, 6, 9]",True,True,1,2,0,1,0.0005,45,448,256,,11143,,,,,15.6652,22.0879,50.8635,88.7376,59.2769
server-3090,41,evit_vit_base_patch16_224.orig_in21k,soygene,[0.7],0.7,"[3, 6, 9]",True,True,1,2,0,1,0.0005,45,448,128,,11143,,,,,3.9841,15.0371,50.8635,88.7376,233.0736
server-3090,41,evit_vit_base_patch16_224.orig_in21k,soygene,[0.7],0.7,"[3, 6, 9]",True,True,1,2,0,1,0.0005,45,448,64,,11143,,,,,3.6481,9.541,50.8635,88.7376,254.5402
server-3090,41,evit_vit_base_patch16_224.orig_in21k,soygene,[0.7],0.7,"[3, 6, 9]",True,True,1,2,0,1,0.0005,45,448,32,,11143,,,,,3.5039,6.7988,50.8635,88.7376,265.0124
server-3090,41,evit_vit_base_patch16_224.orig_in21k,soygene,[0.7],0.7,"[3, 6, 9]",True,True,1,2,0,1,0.0005,45,448,16,,11143,,,,,3.5226,5.4277,50.8635,88.7376,263.6085
server-3090,41,evit_vit_base_patch16_224.orig_in21k,soygene,[0.7],0.7,"[3, 6, 9]",True,True,1,2,0,1,0.0005,45,448,8,,11143,,,,,3.6779,4.748,50.8635,88.7376,252.4789
server-3090,41,evit_vit_base_patch16_224.orig_in21k,soygene,[0.7],0.7,"[3, 6, 9]",True,True,1,2,0,1,0.0005,45,448,4,,11143,,,,,3.9981,7.9961,50.8635,88.7376,232.2561
server-3090,41,evit_vit_base_patch16_224.orig_in21k,soygene,[0.7],0.7,"[3, 6, 9]",True,True,1,2,0,1,0.0005,45,448,2,,11143,,,,,5.1373,7.9043,50.8635,88.7376,180.7525
server-3090,41,evit_vit_base_patch16_224.orig_in21k,soygene,[0.7],0.7,"[3, 6, 9]",True,True,1,2,0,1,0.0005,45,448,1,,11143,,,,,9.2882,7.9043,50.8635,88.7376,99.975
server-3090,41,evit_vit_base_patch16_224.orig_in21k,soygene,[0.5],0.5,"[3, 6, 9]",True,False,0,2,0,1,0.0005,45,448,2,,11143,,,,,4.7875,7.9102,38.2095,88.7361,193.9614
server-3090,41,evit_vit_base_patch16_224.orig_in21k,soygene,[0.5],0.5,"[3, 6, 9]",True,False,0,2,0,1,0.0005,45,448,4,,11143,,,,,3.2051,7.9805,38.2095,88.7361,289.7179
server-3090,41,evit_vit_base_patch16_224.orig_in21k,soygene,[0.5],0.5,"[3, 6, 9]",True,False,0,2,0,1,0.0005,45,448,8,,11143,,,,,2.8881,7.9551,38.2095,88.7361,321.5184
server-3090,41,evit_vit_base_patch16_224.orig_in21k,soygene,[0.5],0.5,"[3, 6, 9]",True,False,0,2,0,1,0.0005,45,448,16,,11143,,,,,2.7642,7.9551,38.2095,88.7361,335.9362
server-3090,41,evit_vit_base_patch16_224.orig_in21k,soygene,[0.5],0.5,"[3, 6, 9]",True,False,0,2,0,1,0.0005,45,448,32,,11143,,,,,2.763,7.9531,38.2095,88.7361,336.0744
server-3090,41,evit_vit_base_patch16_224.orig_in21k,soygene,[0.5],0.5,"[3, 6, 9]",True,False,0,2,0,1,0.0005,45,448,64,,11143,,,,,2.9069,9.5293,38.2095,88.7361,319.4398
server-3090,41,evit_vit_base_patch16_224.orig_in21k,soygene,[0.5],0.5,"[3, 6, 9]",True,False,0,2,0,1,0.0005,45,448,128,,11143,,,,,3.2377,15.0137,38.2095,88.7361,286.8056
server-3090,41,evit_vit_base_patch16_224.orig_in21k,soygene,[0.5],0.5,"[3, 6, 9]",True,False,0,2,0,1,0.0005,45,448,256,,11143,,,,,11.1347,22.041,38.2095,88.7361,83.3957
server-3090,41,evit_vit_base_patch16_224.orig_in21k,soygene,[0.7],0.7,"[3, 6, 9]",True,False,0,2,0,1,0.0005,45,448,256,,11143,,,,,11.9474,22.041,50.1736,88.7361,77.7228
server-3090,41,vit_base_patch16_224.orig_in21k,soygene,[],,[],True,False,0,2,0,1,0.0005,45,448,16,,11143,,,,,5.193,5.4199,78.5178,88.7361,178.8147
server-3090,41,vit_base_patch16_224.orig_in21k,soygene,[],,[],True,False,0,2,0,1,0.0005,45,448,8,,11143,,,,,5.3604,4.7422,78.5178,88.7361,173.231
server-3090,41,vit_base_patch16_224.orig_in21k,soygene,[],,[],True,False,0,2,0,1,0.0005,45,448,4,,11143,,,,,5.6266,4.5156,78.5178,88.7361,165.0349
server-3090,41,vit_base_patch16_224.orig_in21k,soygene,[],,[],True,False,0,2,0,1,0.0005,45,448,2,,11143,,,,,6.2951,7.9258,78.5178,88.7361,147.5091
DGX-CN01,41,evit_vit_base_patch16_224.orig_in21k,soygene,[0.25],0.25,"[3, 6, 9]",False,False,0,2,0,1,0.0005,45,448,64,,11143,,,,,3.5829,5.9102,28.5642,87.1038,259.1725
DGX-CN01,41,evit_vit_base_patch16_224.orig_in21k,soygene,[0.25],0.25,"[3, 6, 9]",False,False,0,2,0,1,0.0005,45,448,32,,11143,,,,,3.5805,3.0586,28.5642,87.1038,259.345
DGX-CN01,41,evit_vit_base_patch16_224.orig_in21k,soygene,[0.25],0.25,"[3, 6, 9]",False,False,0,2,0,1,0.0005,45,448,16,,11143,,,,,3.5777,1.7363,28.5642,87.1038,259.5486
DGX-CN01,41,evit_vit_base_patch16_224.orig_in21k,soygene,[0.25],0.25,"[3, 6, 9]",False,False,0,2,0,1,0.0005,45,448,8,,11143,,,,,3.6439,1.2129,28.5642,87.1038,254.8312
DGX-CN01,41,evit_vit_base_patch16_224.orig_in21k,soygene,[0.25],0.25,"[3, 6, 9]",False,False,0,2,0,1,0.0005,45,448,4,,11143,,,,,3.7607,0.7812,28.5642,87.1038,246.9191
DGX-CN01,41,evit_vit_base_patch16_224.orig_in21k,soygene,[0.25],0.25,"[3, 6, 9]",False,False,0,2,0,1,0.0005,45,448,2,,11143,,,,,4.0465,0.6309,28.5642,87.1038,229.4789
DGX-CN01,41,evit_vit_base_patch16_224.orig_in21k,soygene,[0.25],0.25,"[3, 6, 9]",False,False,0,2,0,1,0.0005,45,448,1,,11143,,,,,5.6234,0.5742,28.5642,87.1038,165.128
server-3090,41,evit_vit_base_patch16_224.orig_in21k,soygene,[0.25],0.25,"[3, 6, 9]",True,False,0,2,0,1,0.0005,45,448,2,,11143,,,,,4.7933,7.8906,28.5651,88.7361,193.7259
server-3090,41,evit_vit_base_patch16_224.orig_in21k,soygene,[0.25],0.25,"[3, 6, 9]",True,False,0,2,0,1,0.0005,45,448,4,,11143,,,,,2.8635,7.9805,28.5651,88.7361,324.2879
server-3090,41,evit_vit_base_patch16_224.orig_in21k,soygene,[0.25],0.25,"[3, 6, 9]",True,False,0,2,0,1,0.0005,45,448,8,,11143,,,,,2.4158,7.9551,28.5651,88.7361,384.3819
server-3090,41,evit_vit_base_patch16_224.orig_in21k,soygene,[0.25],0.25,"[3, 6, 9]",True,False,0,2,0,1,0.0005,45,448,16,,11143,,,,,2.3389,7.9551,28.5651,88.7361,397.023
server-3090,41,evit_vit_base_patch16_224.orig_in21k,soygene,[0.25],0.25,"[3, 6, 9]",True,False,0,2,0,1,0.0005,45,448,32,,11143,,,,,2.3811,7.9531,28.5651,88.7361,389.9868
server-3090,41,evit_vit_base_patch16_224.orig_in21k,soygene,[0.25],0.25,"[3, 6, 9]",True,False,0,2,0,1,0.0005,45,448,64,,11143,,,,,2.4964,9.5293,28.5651,88.7361,371.962
server-3090,41,evit_vit_base_patch16_224.orig_in21k,soygene,[0.25],0.25,"[3, 6, 9]",True,False,0,2,0,1,0.0005,45,448,128,,11143,,,,,2.7697,15.0137,28.5651,88.7361,335.262
server-3090,41,evit_vit_base_patch16_224.orig_in21k,soygene,[0.25],0.25,"[3, 6, 9]",True,False,0,2,0,1,0.0005,45,448,256,,11143,,,,,8.0259,22.041,28.5651,88.7361,115.6984
DGX-CN01,41,evit_vit_base_patch16_224.orig_in21k,soygene,[0.5],0.5,"[3, 6, 9]",True,True,1,2,0,1,0.0005,45,448,256,,11143,,,,,3.6161,22.0879,38.7699,88.7376,256.7941
DGX-CN01,41,evit_vit_base_patch16_224.orig_in21k,soygene,[0.5],0.5,"[3, 6, 9]",True,True,1,2,0,1,0.0005,45,448,128,,11143,,,,,3.5385,11.1914,38.7699,88.7376,262.4247
DGX-CN01,41,evit_vit_base_patch16_224.orig_in21k,soygene,[0.5],0.5,"[3, 6, 9]",True,True,1,2,0,1,0.0005,45,448,64,,11143,,,,,3.4744,5.832,38.7699,88.7376,267.2651
DGX-CN01,41,evit_vit_base_patch16_224.orig_in21k,soygene,[0.5],0.5,"[3, 6, 9]",True,True,1,2,0,1,0.0005,45,448,32,,11143,,,,,3.4823,3.1602,38.7699,88.7376,266.6565
DGX-CN01,41,evit_vit_base_patch16_224.orig_in21k,soygene,[0.5],0.5,"[3, 6, 9]",True,True,1,2,0,1,0.0005,45,448,16,,11143,,,,,3.4949,1.8145,38.7699,88.7376,265.6998
DGX-CN01,41,evit_vit_base_patch16_224.orig_in21k,soygene,[0.5],0.5,"[3, 6, 9]",True,True,1,2,0,1,0.0005,45,448,8,,11143,,,,,3.5986,1.0879,38.7699,88.7376,258.0422
DGX-CN01,41,evit_vit_base_patch16_224.orig_in21k,soygene,[0.5],0.5,"[3, 6, 9]",True,True,1,2,0,1,0.0005,45,448,4,,11143,,,,,3.7004,0.877,38.7699,88.7376,250.9382
DGX-CN01,41,evit_vit_base_patch16_224.orig_in21k,soygene,[0.5],0.5,"[3, 6, 9]",True,True,1,2,0,1,0.0005,45,448,2,,11143,,,,,4.1224,0.7266,38.7699,88.7376,225.2504
DGX-CN01,41,evit_vit_base_patch16_224.orig_in21k,soygene,[0.5],0.5,"[3, 6, 9]",True,True,1,2,0,1,0.0005,45,448,1,,11143,,,,,6.2934,0.7266,38.7699,88.7376,147.5487
server-3090,41,evit_vit_base_patch16_224.orig_in21k,soygene,[0.25],0.25,"[3, 6, 9]",True,True,1,2,0,1,0.0005,45,448,1,,11143,,,,,9.2636,7.8906,28.9936,88.7376,100.2405
DGX-CN01,41,evit_vit_base_patch16_224.orig_in21k,soygene,[0.5],0.5,"[3, 6, 9]",True,False,0,2,0,1,0.0005,45,448,256,,11143,,,,,3.5993,22.041,38.2095,88.7361,257.9915
DGX-CN01,41,evit_vit_base_patch16_224.orig_in21k,soygene,[0.5],0.5,"[3, 6, 9]",True,False,0,2,0,1,0.0005,45,448,128,,11143,,,,,3.4611,11.168,38.2095,88.7361,268.2889
DGX-CN01,41,evit_vit_base_patch16_224.orig_in21k,soygene,[0.25],0.25,"[3, 6, 9]",False,False,0,2,0,1,0.0005,45,448,128,,11143,,,,,3.582,11.2676,28.5642,87.1038,259.2393
DGX-CN01,41,evit_vit_base_patch16_224.orig_in21k,soygene,[0.5],0.5,"[3, 6, 9]",True,False,0,2,0,1,0.0005,45,448,32,,11143,,,,,3.4601,3.1602,38.2095,88.7361,268.3652
DGX-CN01,41,evit_vit_base_patch16_224.orig_in21k,soygene,[0.25],0.25,"[3, 6, 9]",False,False,0,2,0,1,0.0005,45,448,256,,11143,,,,,3.8535,22.041,28.5642,87.1038,240.9703
DGX-CN01,41,evit_vit_base_patch16_224.orig_in21k,soygene,[0.25],0.25,"[3, 6, 9]",True,False,0,2,0,1,0.0005,45,448,1,,11143,,,,,5.8618,0.7051,28.5651,88.7361,158.4114
server-3090,41,vit_base_patch16_224.orig_in21k,soygene,[],,[],True,False,0,2,0,1,0.0005,45,448,1,,11143,,,,,7.561,7.9258,78.5178,88.7361,122.813
server-3090,41,evit_vit_base_patch16_224.orig_in21k,soygene,[0.25],0.25,"[3, 6, 9]",False,False,0,2,0,1,0.0005,45,448,1,,11143,,,,,8.2036,0.7988,28.5642,87.1038,113.1923
server-3090,41,vit_base_patch16_224.orig_in21k,soygene,[],,[],False,False,0,2,0,1,0.0005,45,448,256,,11143,,,,,,,,,
server-3090,41,vit_base_patch16_224.orig_in21k,soygene,[],,[],False,False,0,2,0,1,0.0005,45,448,128,,11143,,,,,5.6461,11.1191,78.5175,87.1038,164.4634
server-3090,41,vit_base_patch16_224.orig_in21k,soygene,[],,[],False,False,0,2,0,1,0.0005,45,448,64,,11143,,,,,5.3151,5.8184,78.5175,87.1038,174.7075
server-3090,41,vit_base_patch16_224.orig_in21k,soygene,[],,[],False,False,0,2,0,1,0.0005,45,448,32,,11143,,,,,5.189,3.0176,78.5175,87.1038,178.9519
server-3090,41,vit_base_patch16_224.orig_in21k,soygene,[],,[],False,False,0,2,0,1,0.0005,45,448,16,,11143,,,,,5.1893,1.7012,78.5175,87.1038,178.9423
server-3090,41,vit_base_patch16_224.orig_in21k,soygene,[],,[],False,False,0,2,0,1,0.0005,45,448,8,,11143,,,,,5.343,1.1777,78.5175,87.1038,173.7947
server-3090,41,vit_base_patch16_224.orig_in21k,soygene,[],,[],False,False,0,2,0,1,0.0005,45,448,4,,11143,,,,,5.599,0.832,78.5175,87.1038,165.847
server-3090,41,vit_base_patch16_224.orig_in21k,soygene,[],,[],False,False,0,2,0,1,0.0005,45,448,2,,11143,,,,,6.2399,0.791,78.5175,87.1038,148.8133
server-3090,41,vit_base_patch16_224.orig_in21k,soygene,[],,[],False,False,0,2,0,1,0.0005,45,448,1,,11143,,,,,7.2236,0.793,78.5175,87.1038,128.5493
server-3090,41,evit_vit_base_patch16_224.orig_in21k,soygene,[0.25],0.25,"[3, 6, 9]",False,False,0,2,0,1,0.0005,45,448,2,,11143,,,,,4.6415,0.7969,28.5642,87.1038,200.0626
server-3090,41,evit_vit_base_patch16_224.orig_in21k,soygene,[0.25],0.25,"[3, 6, 9]",False,False,0,2,0,1,0.0005,45,448,4,,11143,,,,,2.825,0.8125,28.5642,87.1038,328.7037
server-3090,41,evit_vit_base_patch16_224.orig_in21k,soygene,[0.25],0.25,"[3, 6, 9]",False,False,0,2,0,1,0.0005,45,448,8,,11143,,,,,2.409,1.1836,28.5642,87.1038,385.4651
server-3090,41,evit_vit_base_patch16_224.orig_in21k,soygene,[0.25],0.25,"[3, 6, 9]",False,False,0,2,0,1,0.0005,45,448,16,,11143,,,,,2.3278,1.7051,28.5642,87.1038,398.9133
server-3090,41,evit_vit_base_patch16_224.orig_in21k,soygene,[0.25],0.25,"[3, 6, 9]",False,False,0,2,0,1,0.0005,45,448,32,,11143,,,,,2.3894,3.0215,28.5642,87.1038,388.633
server-3090,41,evit_vit_base_patch16_224.orig_in21k,soygene,[0.25],0.25,"[3, 6, 9]",False,False,0,2,0,1,0.0005,45,448,64,,11143,,,,,2.4928,5.8242,28.5642,87.1038,372.5048
server-3090,41,evit_vit_base_patch16_224.orig_in21k,soygene,[0.25],0.25,"[3, 6, 9]",False,False,0,2,0,1,0.0005,45,448,128,,11143,,,,,2.7821,11.0742,28.5642,87.1038,333.7722
server-3090,41,evit_vit_base_patch16_224.orig_in21k,soygene,[0.25],0.25,"[3, 6, 9]",False,False,0,2,0,1,0.0005,45,448,256,,11143,,,,,12.8244,22.041,28.5642,87.1038,72.4078
DGX-CN01,41,evit_vit_base_patch16_224.orig_in21k,soygene,[0.25],0.25,"[3, 6, 9]",True,False,0,2,0,1,0.0005,45,448,256,,11143,,,,,3.7502,22.041,28.5651,88.7361,247.6078
DGX-CN01,41,evit_vit_base_patch16_224.orig_in21k,soygene,[0.25],0.25,"[3, 6, 9]",True,False,0,2,0,1,0.0005,45,448,128,,11143,,,,,3.5889,11.1699,28.5651,88.7361,258.7386
DGX-CN01,41,evit_vit_base_patch16_224.orig_in21k,soygene,[0.25],0.25,"[3, 6, 9]",True,False,0,2,0,1,0.0005,45,448,64,,11143,,,,,3.594,5.8125,28.5651,88.7361,258.3722
DGX-CN01,41,evit_vit_base_patch16_224.orig_in21k,soygene,[0.25],0.25,"[3, 6, 9]",True,False,0,2,0,1,0.0005,45,448,32,,11143,,,,,3.5823,3.1641,28.5651,88.7361,259.2126
DGX-CN01,41,evit_vit_base_patch16_224.orig_in21k,soygene,[0.25],0.25,"[3, 6, 9]",True,False,0,2,0,1,0.0005,45,448,16,,11143,,,,,3.6033,1.8203,28.5651,88.7361,257.7048
DGX-CN01,41,evit_vit_base_patch16_224.orig_in21k,soygene,[0.25],0.25,"[3, 6, 9]",True,False,0,2,0,1,0.0005,45,448,8,,11143,,,,,3.6888,1.0879,28.5651,88.7361,251.7308
DGX-CN01,41,evit_vit_base_patch16_224.orig_in21k,soygene,[0.25],0.25,"[3, 6, 9]",True,False,0,2,0,1,0.0005,45,448,4,,11143,,,,,3.8167,0.8789,28.5651,88.7361,243.2969
DGX-CN01,41,evit_vit_base_patch16_224.orig_in21k,soygene,[0.25],0.25,"[3, 6, 9]",True,False,0,2,0,1,0.0005,45,448,2,,11143,,,,,4.149,0.7148,28.5651,88.7361,223.8065
server-3090,41,evit_vit_base_patch16_224.orig_in21k,soygene,[0.25],0.25,"[3, 6, 9]",True,False,0,2,0,1,0.0005,45,448,1,,11143,,,,,8.4337,7.8906,28.5651,88.7361,110.1034
server-3090,41,evit_vit_base_patch16_224.orig_in21k,soygene,[0.1],0.1,"[3, 6, 9]",True,True,1,2,0,1,0.0005,45,448,256,,11143,,,,,10.854,22.0859,25.1748,88.7376,85.5523
